2023-9-1,+24,749,ัว 2์/๑,+17,749,ัว 2์/๑
2023-9-2,+23,751,ั 2์/๑,+18,752,ั 2์/๑
2023-9-3,+24,753,ั 1์/๑,+17,753,ั 1์/๑
2023-9-4,+24,753,ว 2์/๑,+17,754,ว 2์/๑
2023-9-5,+22,753,ัว 1์/๑,+19,752,ัว 1์/๑
2023-9-6,+25,748,ว 2์/๑,+19,746,ว 2์/๑
2023-9-7,+16,746,ว 3์/๑,+12,746,ว 3์/๑
2023-9-8,+15,746,ว 2์/๑,+11,746,ว 2์/๑
2023-9-9,+10,745,ว 4์/๑,+12,744,ว 4์/๑
2023-9-10,+20,745,ั 2์/๑,+16,746,ั 2์/๑
2023-9-11,+11,746,ัว 1์/๑,+11,747,ัว 1์/๑
2023-9-12,+16,751,ั 2์/๑,+13,752,ั 2์/๑
2023-9-13,+20,754,ย 2์/๑,+15,755,ย 2์/๑
2023-9-14,+22,753,ย 2์/๑,+17,754,ย 2์/๑
2023-9-15,+21,754,ย 1์/๑,+16,754,ย 1์/๑
2023-9-16,+22,753,ว 2์/๑,+17,755,ว 2์/๑
2023-9-17,+23,755,ั 2์/๑,+18,755,ั 2์/๑
2023-9-18,+22,752,ัว 2์/๑,+13,752,ัว 2์/๑
2023-9-19,+19,753,ั 2์/๑,+13,755,ั 2์/๑
2023-9-20,+19,757,ว 2์/๑,+14,757,ว 2์/๑
2023-9-21,+24,757,ว 2์/๑,+19,757,ว 2์/๑
2023-9-22,+25,759,ว 3์/๑,+17,759,ว 3์/๑
2023-9-23,+26,761,ว 1์/๑,+16,761,ว 1์/๑
2023-9-24,+26,761,ว 1์/๑,+17,760,ว 1์/๑
2023-9-25,+25,758,ว 3์/๑,+20,758,ว 3์/๑
2023-9-26,+21,759,ั 2์/๑,+16,760,ั 2์/๑
2023-9-27,+19,758,ัว 2์/๑,+12,758,ัว 2์/๑
2023-9-28,+18,758,ว 1์/๑,+10,756,ว 1์/๑
2023-9-29,+20,751,ัว 2์/๑,+15,752,ัว 2์/๑
2023-9-30,+17,754,ั 1์/๑,+10,754,ั 1์/๑
2023-10-1,+20,752, 2์/๑,+17,751, 2์/๑
2023-10-2,+21,749, 2์/๑,+15,749, 2์/๑
2023-10-3,+19,749,ว 1์/๑,+14,751,ว 1์/๑
2023-10-4,+16,752,ว 2์/๑,+14,752,ว 2์/๑
2023-10-5,+15,749,ว 2์/๑,+11,748,ว 2์/๑
2023-10-6,+15,746,ว 2์/๑,+12,745,ว 2์/๑
2023-10-7,+11,740,ว 3์/๑,+6,739,ว 3์/๑
2023-10-8,+11,730,ว 4์/๑,+8,731,ว 4์/๑
2023-10-9,+7,736,ว 4์/๑,+5,737,ว 4์/๑
2023-10-10,+6,743,ว 3์/๑,+4,746,ว 3์/๑
2023-10-11,+6,752,ว 2์/๑,+4,755,ว 2์/๑
2023-10-12,+9,752,ว 4์/๑,+8,749,ว 4์/๑
2023-10-13,+7,746,ว 3์/๑,+8,749,ว 3์/๑
2023-10-14,+13,752,ว 2์/๑,+10,751,ว 2์/๑
2023-10-15,+17,748,ว 3์/๑,+14,749,ว 3์/๑
2023-10-16,+17,746,ย 2์/๑,+12,745,ย 2์/๑
2023-10-17,+8,740,ว 4์/๑,+6,744,ว 4์/๑
2023-10-18,+7,747,ว 4์/๑,+7,749,ว 4์/๑
2023-10-19,+9,751,ว 2์/๑,+7,750,ว 2์/๑
2023-10-20,+8,749,ว 1์/๑,+7,749,ว 1์/๑
2023-10-21,+3,740,ั 2์/๑,+2,745,ั 2์/๑
2023-10-22,+5,753,ว 3์/๑,+2,754,ว 3์/๑
2023-10-23,+5,746, 1์/๑,+8,743, 1์/๑
2023-10-24,+11,735,ว 2์/๑,+1,740,ว 2์/๑
2023-10-25,-1,748,ั 2์/๑,0,749,ั 2์/๑
2023-10-26,+1,754, 1์/๑,0,755, 1์/๑
2023-10-27,-1,749,ย 4์/๑,-1,746,ย 4์/๑
2023-10-28,+2,740,ย 2์/๑,+3,737,ย 2์/๑
2023-10-29,+6,733,ว 3์/๑,+2,740,ว 3์/๑
2020-1-1,-2,738,ว 1์/๑,-2,740,ว 1์/๑
2020-1-2,-6,749,ัว 1์/๑,-7,750,ัว 1์/๑
2020-1-3,-5,751, 1์/๑,-2,749, 1์/๑
2020-1-4,-2,745,ว 3์/๑,-1,745,ว 3์/๑
2020-1-5,-1,748,ว 1์/๑,-1,750,ว 1์/๑
2020-1-6,0,755,ุ,-2,756,ุ
2020-1-7,-2,757,ว 2์/๑,-4,758,ว 2์/๑
2020-1-8,-4,760,ย 1์/๑,-4,759,ย 1์/๑
2020-1-9,-3,755,ว 2์/๑,-5,753,ว 2์/๑
2020-1-10,-4,750,ว 2์/๑,-4,750,ว 2์/๑
2020-1-11,-2,750,ว 1์/๑,-3,749,ว 1์/๑
2020-1-12,-3,751,ว 2์/๑,-3,750,ว 2์/๑
2020-1-13,-4,742,ว 4์/๑,-4,742,ว 4์/๑
2020-1-14,0,751,ว 2์/๑,0,753,ว 2์/๑
2020-1-15,-1,759,ว 2์/๑,-4,759,ว 2์/๑
2020-1-16,+1,752,ว 4์/๑,0,751,ว 4์/๑
2020-1-17,+1,753,ว 1์/๑,+1,755,ว 1์/๑
2020-1-18,+1,756,ว 1์/๑,+1,757,ว 1์/๑
2020-1-19,0,755,ว 4์/๑,-1,755,ว 4์/๑
2020-1-20,-1,752,ว 3์/๑,-2,750,ว 3์/๑
2020-1-21,+1,744,ว 2์/๑,0,739,ว 2์/๑
2020-1-22,+1,731,ว 4์/๑,-2,731,ว 4์/๑
2020-1-23,-2,734,ัว 1์/๑,-6,737,ัว 1์/๑
2020-1-24,-7,743,ว 3์/๑,-10,743,ว 3์/๑
2020-1-25,-1,734,ว 2์/๑,0,733,ว 2์/๑
2020-1-26,-2,737,ัว 3์/๑,-4,742,ัว 3์/๑
2020-1-27,-2,740,ัว 5์/๑,-7,746,ัว 5์/๑
2020-1-28,-10,756, 1์/๑,-13,757, 1์/๑
2020-1-29,-8,755,ย 3์/๑,-10,754,ย 3์/๑
2020-1-30,-2,748,ย 3์/๑,-2,747,ย 3์/๑
2020-1-31,-1,744,ย 2์/๑,-1,744,ย 2์/๑
2020-2-1,0,745,ว 1์/๑,-1,746,ว 1์/๑
2020-2-2,-1,745,ย 2์/๑,-1,743,ย 2์/๑
2020-2-3,+1,729,ว 3์/๑,+2,730,ว 3์/๑
2020-2-4,0,730,ว 3์/๑,-1,733,ว 3์/๑
2020-2-5,-2,739,ว 3์/๑,-4,742,ว 3์/๑
2020-2-6,-6,743,ว 2์/๑,-9,743,ว 2์/๑
2020-2-7,-7,737,ั 1์/๑,-9,740,ั 1์/๑
2020-2-8,-12,746,ัว 2์/๑,-15,750,ัว 2์/๑
2020-2-9,-12,755,ว 2์/๑,-15,756,ว 2์/๑
2020-2-10,-7,749,ว 3์/๑,-7,749,ว 3์/๑
2020-2-11,-5,750, 2์/๑,-7,751, 2์/๑
2020-2-12,-5,751, 1์/๑,-8,750, 1์/๑
2020-2-13,-5,748,ย 1์/๑,-8,747,ย 1์/๑
2020-2-14,-6,750,ั 1์/๑,-8,752,ั 1์/๑
2020-2-15,-5,758,ว 1์/๑,-7,759,ว 1์/๑
2020-2-16,-5,764,ย 1์/๑,-5,764,ย 1์/๑
2020-2-17,0,758,ว 2์/๑,0,756,ว 2์/๑
2020-2-18,+2,752,ว 3์/๑,+1,752,ว 3์/๑
2020-2-19,+1,748,ว 2์/๑,+1,748,ว 2์/๑
2020-2-20,+3,752,ว 1์/๑,0,753,ว 1์/๑
2020-2-21,+3,756,ุ,-4,758,ุ
2020-2-22,-2,761,ย 2์/๑,-5,760,ย 2์/๑
2020-2-23,-2,751,ย 2์/๑,-2,746,ย 2์/๑
2020-2-24,+2,740,ว 2์/๑,+1,742,ว 2์/๑
2020-2-25,0,735,ย 3์/๑,+1,734,ย 3์/๑
2020-2-26,+1,742,ว 3์/๑,-1,744,ว 3์/๑
2020-2-27,+3,744, 3์/๑,+4,743, 3์/๑
2020-2-28,+3,744,ย 2์/๑,+3,743,ย 2์/๑
2020-2-29,+4,744,ว 2์/๑,+1,747,ว 2์/๑
2020-3-1,+3,752,ว 3์/๑,-3,755,ว 3์/๑
2020-3-2,+5,757,ว 3์/๑,+3,758,ว 3์/๑
2020-3-3,+4,757, 2์/๑,0,755, 2์/๑
2020-3-4,+1,752,ย 2์/๑,+1,753,ย 2์/๑
2020-3-5,+2,760,ย 3์/๑,0,761,ย 3์/๑
2020-3-6,+1,763,ย 4์/๑,-3,762,ย 4์/๑
2020-3-7,+3,761, 2์/๑,+2,760, 2์/๑
2020-3-8,+3,758, 3์/๑,+2,758, 3์/๑
2020-3-9,+5,755,ว 1์/๑,+5,755,ว 1์/๑
2020-3-10,+8,753,ย 1์/๑,+6,752,ย 1์/๑
2020-3-11,+12,747,ย 3์/๑,+9,745,ย 3์/๑
2020-3-12,+10,741,ว 2์/๑,+6,741,ว 2์/๑
2020-3-13,+10,738,ว 4์/๑,+8,737,ว 4์/๑
2020-3-14,+1,741,ว 1์/๑,0,740,ว 1์/๑
2020-3-15,+2,742, 1์/๑,+1,743, 1์/๑
2020-3-16,0,749,ั 1์/๑,+1,753,ั 1์/๑
2020-3-17,+6,755,ว 3์/๑,+4,757,ว 3์/๑
2020-3-18,+10,758,ว 3์/๑,+6,757,ว 3์/๑
2020-3-19,+12,748,ว 4์/๑,+7,746,ว 4์/๑
2020-3-20,+4,742,ั 3์/๑,+1,743,ั 3์/๑
2020-3-21,0,748,ว 2์/๑,0,750,ว 2์/๑
2020-3-22,-3,757,ัย 3์/๑,-4,757,ัย 3์/๑
2020-3-23,-2,754,ัย 2์/๑,+2,752,ัย 2์/๑
2020-3-24,-2,760,ว 2์/๑,-3,761,ว 2์/๑
2020-3-25,+3,763,ว 1์/๑,-2,763,ว 1์/๑
2020-3-26,+5,758,ว 3์/๑,+3,758,ว 3์/๑
2020-3-27,+11,760,ัย 2์/๑,+2,761,ัย 2์/๑
2020-3-28,+9,758,ย 2์/๑,+6,757,ย 2์/๑
2020-3-29,+14,751, 1์/๑,+10,749, 1์/๑
2020-3-30,+15,746,ย 3์/๑,+11,745,ย 3์/๑
2020-3-31,+17,741,ย 1์/๑,+14,740,ย 1์/๑
2020-4-1,+4,742,ว 3์/๑,-1,743,ว 3์/๑
2020-4-2,+7,745,ว 4์/๑,+6,747,ว 4์/๑
2020-4-3,+12,749, 2์/๑,+8,749, 2์/๑
2020-4-4,+16,748,ว 3์/๑,+12,748,ว 3์/๑
2020-4-5,+7,749,ั 2์/๑,+3,749,ั 2์/๑
2020-4-6,+5,749,ัว 3์/๑,+1,751,ัว 3์/๑
2020-4-7,+6,756,ัว 3์/๑,+1,756,ัว 3์/๑
2020-4-8,+9,749,ว 2์/๑,+8,747,ว 2์/๑
2020-4-9,+17,749,ว 2์/๑,+12,750,ว 2์/๑
2020-4-10,+14,749,ว 4์/๑,+10,749,ว 4์/๑
2020-4-11,+14,746,ว 3์/๑,+10,743,ว 3์/๑
2020-4-12,+4,739, 2์/๑,+3,740, 2์/๑
2020-4-13,+1,746,ัว 2์/๑,+2,747,ัว 2์/๑
2020-4-14,+15,747, 2์/๑,+11,747, 2์/๑
2020-4-15,+16,742,ย 4์/๑,+11,738,ย 4์/๑
2020-4-16,+7,741,ว 3์/๑,+4,740,ว 3์/๑
2020-4-17,+9,734,ว 5์/๑,+6,737,ว 5์/๑
2020-4-18,+7,743,ว 3์/๑,+6,746,ว 3์/๑
2020-4-19,+10,750,ว 3์/๑,+9,750,ว 3์/๑
2020-4-20,+15,749,ย 2์/๑,+13,746,ย 2์/๑
2020-4-21,+10,740,ว 3์/๑,+7,739,ว 3์/๑
2020-4-22,+6,733,ว 4์/๑,+3,735,ว 4์/๑
2020-4-23,+7,742,ว 4์/๑,+2,743,ว 4์/๑
2020-4-24,+6,743,ว 3์/๑,+6,743,ว 3์/๑
2020-4-25,+18,739,ว 5์/๑,+14,742,ว 5์/๑
2020-4-26,+19,743,ว 3์/๑,+14,743,ว 3์/๑
2020-4-27,+18,739, 2์/๑,+14,738, 2์/๑
2020-4-28,+9,738,ว 2์/๑,+6,742,ว 2์/๑
2020-4-29,+14,745,ว 3์/๑,+13,744,ว 3์/๑
2020-4-30,+22,744,ว 4์/๑,+12,748,ว 4์/๑
2020-5-1,+23,746,ว 3์/๑,+19,746,ว 3์/๑
2020-5-2,+15,750,ั 2์/๑,+10,751,ั 2์/๑
2020-5-3,+19,753,ย 2์/๑,+14,753,ย 2์/๑
2020-5-4,+23,754,ย 2์/๑,+19,753,ย 2์/๑
2020-5-5,+25,754,ย 3์/๑,+19,753,ย 3์/๑
2020-5-6,+18,751,ย 3์/๑,+18,748,ย 3์/๑
2020-5-7,+26,746,ย 2์/๑,+21,746,ย 2์/๑
2020-5-8,+28,745, 3์/๑,+22,745, 3์/๑
2020-5-9,+27,741,ย 2์/๑,+18,740,ย 2์/๑
2020-5-10,+19,744,ว 3์/๑,+15,745,ว 3์/๑
2020-5-11,+19,744, 2์/๑,+17,743, 2์/๑
2020-5-12,+21,743,ว 2์/๑,+18,743,ว 2์/๑
2020-5-13,+19,743,ว 3์/๑,+15,744,ว 3์/๑
2020-5-14,+15,749,ัว 3์/๑,+8,749,ัว 3์/๑
2020-5-15,+11,744, 2์/๑,+11,741, 2์/๑
2020-5-16,+14,745,ัว 2์/๑,+11,746,ัว 2์/๑
2020-5-17,+17,747,ว 2์/๑,+12,748,ว 2์/๑
2020-5-18,+18,744,ว 2์/๑,+15,743,ว 2์/๑
2020-5-19,+8,740,ว 3์/๑,+6,740,ว 3์/๑
2020-5-20,+12,740,ัว 2์/๑,+8,743,ัว 2์/๑
2020-5-21,+18,743,ว 2์/๑,+15,743,ว 2์/๑
2020-5-22,+16,747,ว 3์/๑,+12,746,ว 3์/๑
2020-5-23,+18,747,ย 3์/๑,+14,746,ย 3์/๑
2020-5-24,+16,752,ว 2์/๑,+14,754,ว 2์/๑
2020-5-25,+19,758,ว 1์/๑,+12,758,ว 1์/๑
2020-5-26,+23,754,ย 5์/๑,+20,750,ย 5์/๑
2020-5-27,+25,751,ั 2์/๑,+19,752,ั 2์/๑
2020-5-28,+22,755,ัว 2์/๑,+19,755,ัว 2์/๑
2020-5-29,+26,753,ย 2์/๑,+22,752,ย 2์/๑
2020-5-30,+29,746,ย 3์/๑,+26,745,ย 3์/๑
2020-5-31,+24,743,ว 3์/๑,+20,743,ว 3์/๑
2020-6-1,+23,746,ว 3์/๑,+19,748,ว 3์/๑
2020-6-2,+16,749,ัย 1์/๑,+16,749,ัย 1์/๑
2020-6-3,+23,747,ัย 2์/๑,+21,746,ัย 2์/๑
2020-6-4,+17,746,ย 3์/๑,+17,748,ย 3์/๑
2020-6-5,+26,749,ย 2์/๑,+20,750,ย 2์/๑
2020-6-6,+18,751,ุ,+17,751,ุ
2020-6-7,+22,751,ว 2์/๑,+18,752,ว 2์/๑
2020-6-8,+21,752,ว 2์/๑,+18,752,ว 2์/๑
2020-6-9,+19,753,ุ,+17,753,ุ
2020-6-10,+26,752,ว 2์/๑,+20,752,ว 2์/๑
2020-6-11,+26,750,ั 1์/๑,+21,749,ั 1์/๑
2020-6-12,+28,746,ว 2์/๑,+23,748,ว 2์/๑
2020-6-13,+21,750,ัย 3์/๑,+17,751,ัย 3์/๑
2020-6-14,+20,755,ัย 3์/๑,+17,755,ัย 3์/๑
2020-6-15,+23,755,ั 2์/๑,+18,755,ั 2์/๑
2020-6-16,+26,753,ว 2์/๑,+19,752,ว 2์/๑
2020-6-17,+28,749,ัว 2์/๑,+21,749,ัว 2์/๑
2020-6-18,+26,749,ัย 3์/๑,+19,752,ัย 3์/๑
2020-6-19,+23,752,ย 2์/๑,+20,751,ย 2์/๑
2020-6-20,+28,748,ว 2์/๑,+19,746,ว 2์/๑
2020-6-21,+22,747,ั 2์/๑,+16,748,ั 2์/๑
2020-6-22,+19,750,ัย 2์/๑,+14,752,ัย 2์/๑
2020-6-23,+20,752,ั 1์/๑,+15,751,ั 1์/๑
2020-6-24,+16,750,ว 2์/๑,+15,749,ว 2์/๑
2020-6-25,+16,751,ั 2์/๑,+13,751,ั 2์/๑
2020-6-26,+20,750,ัว 2์/๑,+16,750,ัว 2์/๑
2020-6-27,+27,745,ว 3์/๑,+23,743,ว 3์/๑
2020-6-28,+22,743,ัว 3์/๑,+17,744,ัว 3์/๑
2020-6-29,+22,743,ัว 2์/๑,+16,743,ัว 2์/๑
2020-6-30,+18,746,ัว 2์/๑,+15,748,ัว 2์/๑
2020-7-1,+22,749,ัว 2์/๑,+19,749,ัว 2์/๑
2020-7-2,+26,747,ว 2์/๑,+18,749,ว 2์/๑
2020-7-3,+29,751,ว 2์/๑,+21,751,ว 2์/๑
2020-7-4,+32,750,ว 2์/๑,+23,749,ว 2์/๑
2020-7-5,+31,747,ว 2์/๑,+27,746,ว 2์/๑
2020-7-6,+34,746,ว 2์/๑,+27,746,ว 2์/๑
2020-7-7,+37,746,ว 2์/๑,+31,747,ว 2์/๑
2020-7-8,+35,748,ย 3์/๑,+29,748,ย 3์/๑
2020-7-9,+35,747, 2์/๑,+30,747, 2์/๑
2020-7-10,+31,748,ัว 2์/๑,+26,749,ัว 2์/๑
2020-7-11,+28,751,ัย 2์/๑,+24,751,ัย 2์/๑
2020-7-12,+33,749,ัย 2์/๑,+29,748,ัย 2์/๑
2020-7-13,+34,746,ย 2์/๑,+31,746,ย 2์/๑
2020-7-14,+35,746,ย 1์/๑,+28,746,ย 1์/๑
2020-7-15,+30,747,ว 3์/๑,+26,747,ว 3์/๑
2020-7-16,+23,747,ัว 1์/๑,+22,746,ัว 1์/๑
2020-7-17,+29,747,ว 2์/๑,+24,747,ว 2์/๑
2020-7-18,+28,746,ัว 3์/๑,+23,746,ัว 3์/๑
2020-7-19,+27,746,ว 3์/๑,+21,746,ว 3์/๑
2020-7-20,+27,745,ว 3์/๑,+20,745,ว 3์/๑
2020-7-21,+29,743,ว 2์/๑,+23,743,ว 2์/๑
2020-7-22,+29,742,ว 3์/๑,+22,741,ว 3์/๑
2020-7-23,+26,740,ัว 2์/๑,+22,743,ัว 2์/๑
2020-7-24,+24,746,ัว 3์/๑,+20,747,ัว 3์/๑
2020-7-25,+24,750,ั 2์/๑,+20,751,ั 2์/๑
2020-7-26,+24,752,ัว 2์/๑,+19,752,ัว 2์/๑
2020-7-27,+25,751,ัว 2์/๑,+22,752,ัว 2์/๑
2020-7-28,+28,752,ว 1์/๑,+20,751,ว 1์/๑
2020-7-29,+28,751,ัว 2์/๑,+20,750,ัว 2์/๑
2020-7-30,+32,747,ว 2์/๑,+25,746,ว 2์/๑
2020-7-31,+24,744,ว 3์/๑,+21,743,ว 3์/๑
2020-8-1,+23,740,ย 2์/๑,+20,737,ย 2์/๑
2020-8-2,+22,744,ว 3์/๑,+15,745,ว 3์/๑
2020-8-3,+23,747,ย 1์/๑,+18,748,ย 1์/๑
2020-8-4,+16,748,ั 3์/๑,+17,748,ั 3์/๑
2020-8-5,+32,748,ย 3์/๑,+28,749,ย 3์/๑
2020-8-6,+33,749,ย 3์/๑,+29,749,ย 3์/๑
2020-8-7,+30,746,ัว 2์/๑,+21,748,ัว 2์/๑
2020-8-8,+23,746,ั 3์/๑,+20,745,ั 3์/๑
2020-8-9,+22,742,ัว 3์/๑,+19,742,ัว 3์/๑
2020-8-10,+20,743,ัว 4์/๑,+17,745,ัว 4์/๑
2020-8-11,+23,746,ัว 3์/๑,+17,746,ัว 3์/๑
2020-8-12,+24,746,ว 1์/๑,+21,745,ว 1์/๑
2020-8-13,+24,741,ย 2์/๑,+18,741,ย 2์/๑
2020-8-14,+21,740,ว 1์/๑,+17,740,ว 1์/๑
2020-8-15,+18,740,ัว 3์/๑,+14,741,ัว 3์/๑
2020-8-16,+14,743,ัว 3์/๑,+14,743,ัว 3์/๑
2020-8-17,+17,740,ว 2์/๑,+16,740,ว 2์/๑
2020-8-18,+19,743,ัว 3์/๑,+14,744,ัว 3์/๑
2020-8-19,+19,745,ัว 3์/๑,+13,746,ัว 3์/๑
2020-8-20,+19,746,ว 3์/๑,+13,747,ว 3์/๑
2020-8-21,+18,748,ั 1์/๑,+15,749,ั 1์/๑
2020-8-22,+18,749,ัย 1์/๑,+15,749,ัย 1์/๑
2020-8-23,+23,748,ัว 2์/๑,+15,749,ัว 2์/๑
2020-8-24,+26,749,ัว 2์/๑,+16,749,ัว 2์/๑
2020-8-25,+28,748,ว 2์/๑,+21,749,ว 2์/๑
2020-8-26,+29,748,ัย 1์/๑,+22,747,ัย 1์/๑
2020-8-27,+28,746,ว 2์/๑,+23,746,ว 2์/๑
2020-8-28,+30,744,ว 2์/๑,+23,744,ว 2์/๑
2020-8-29,+21,747,ย 1์/๑,+17,749,ย 1์/๑
2020-8-30,+22,752,ัว 1์/๑,+16,753,ัว 1์/๑
2020-8-31,+27,752,ว 3์/๑,+19,752,ว 3์/๑
2020-9-1,+31,749,ว 3์/๑,+25,749,ว 3์/๑
2020-9-2,+18,755,ั 3์/๑,+16,757,ั 3์/๑
2020-9-3,+20,760,ัย 3์/๑,+16,761,ัย 3์/๑
2020-9-4,+20,758,ย 2์/๑,+12,758,ย 2์/๑
2020-9-5,+21,756,ย 2์/๑,+17,755,ย 2์/๑
2020-9-6,+21,756,ย 2์/๑,+17,756,ย 2์/๑
2020-9-7,+25,756,ว 2์/๑,+15,756,ว 2์/๑
2020-9-8,+27,754,ว 2์/๑,+21,752,ว 2์/๑
2020-9-9,+12,747,ย 2์/๑,+12,746,ย 2์/๑
2020-9-10,+17,749,ว 1์/๑,+14,749,ว 1์/๑
2020-9-11,+18,746,ว 2์/๑,+14,749,ว 2์/๑
2020-9-12,+17,754,ัว 1์/๑,+10,755,ัว 1์/๑
2020-9-13,+19,756,ว 2์/๑,+17,753,ว 2์/๑
2020-9-14,+13,746,ว 2์/๑,+9,746,ว 2์/๑
2020-9-15,+15,744,ัว 2์/๑,+10,744,ัว 2์/๑
2020-9-16,+11,747,ัว 4์/๑,+11,749,ัว 4์/๑
2020-9-17,+15,752,ัว 2์/๑,+10,751,ัว 2์/๑
2020-9-18,+20,746, 2์/๑,+16,745, 2์/๑
2020-9-19,+11,737,ั 1์/๑,+9,737,ั 1์/๑
2020-9-20,+10,740,ว 4์/๑,+7,743,ว 4์/๑
2020-9-21,+11,747,ว 3์/๑,+11,746,ว 3์/๑
2020-9-22,+16,748,ว 4์/๑,+15,746,ว 4์/๑
2020-9-23,+19,749,ัว 4์/๑,+11,751,ัว 4์/๑
2020-9-24,+18,756,ย 1์/๑,+13,758,ย 1์/๑
2020-9-25,+19,759,ย 2์/๑,+13,758,ย 2์/๑
2020-9-26,+19,761,ย 1์/๑,+11,761,ย 1์/๑
2020-9-27,+19,764,ย 1์/๑,+9,764,ย 1์/๑
2020-9-28,+18,764,ว 1์/๑,+8,764,ว 1์/๑
2020-9-29,+20,762,ย 1์/๑,+15,762,ย 1์/๑
2020-9-30,+21,761,ย 1์/๑,+15,761,ย 1์/๑
2020-10-1,+20,761,ย 1์/๑,+11,761,ย 1์/๑
2020-10-2,+20,761,ว 1์/๑,+10,761,ว 1์/๑
2020-10-3,+20,760,ว 2์/๑,+12,760,ว 2์/๑
2020-10-4,+14,762,ั 2์/๑,+8,764,ั 2์/๑
2020-10-5,+14,765, 1์/๑,+6,764, 1์/๑
2020-10-6,+14,761,ว 3์/๑,+12,760,ว 3์/๑
2020-10-7,+18,760,ว 1์/๑,+13,761,ว 1์/๑
2020-10-8,+15,765,ย 2์/๑,+10,766,ย 2์/๑
2020-10-9,+15,766, 1์/๑,+11,765, 1์/๑
2020-10-10,+15,764,ว 2์/๑,+12,763,ว 2์/๑
2020-10-11,+15,762, 2์/๑,+9,761, 2์/๑
2020-10-12,+18,758,ย 2์/๑,+13,758,ย 2์/๑
2020-10-13,+19,757,ย 1์/๑,+15,757,ย 1์/๑
2020-10-14,+19,755,ว 2์/๑,+15,754,ว 2์/๑
2020-10-15,+21,751, 3์/๑,+17,750, 3์/๑
2020-10-16,+16,749,ว 2์/๑,+16,745,ว 2์/๑
2020-10-17,+8,753,ั 1์/๑,+3,755,ั 1์/๑
2020-10-18,+12,750,ย 3์/๑,+14,746,ย 3์/๑
2020-10-19,+13,749,ว 2์/๑,+6,749,ว 2์/๑
2020-10-20,+10,748,ว 2์/๑,+7,748,ว 2์/๑
2020-10-21,+3,749,ว 2์/๑,+2,751,ว 2์/๑
2020-10-22,+4,753,ว 2์/๑,-1,754,ว 2์/๑
2020-10-23,+4,747,ย 2์/๑,+7,745,ย 2์/๑
2020-10-24,+14,743,ว 2์/๑,+9,746,ว 2์/๑
2020-10-25,+9,742,ย 1์/๑,+7,743,ย 1์/๑
2020-10-26,+4,752,ัว 2์/๑,+1,756,ัว 2์/๑
2020-10-27,+4,762,ั 2์/๑,+1,764,ั 2์/๑
2020-10-28,+5,764, 2์/๑,+2,764, 2์/๑
2020-10-29,+6,761,ย 2์/๑,+3,761,ย 2์/๑
2020-10-30,+7,756,ย 2์/๑,+3,755,ย 2์/๑
2020-10-31,+6,753,ย 1์/๑,+5,753,ย 1์/๑
2020-11-1,+8,756,ัย 3์/๑,+5,757,ัย 3์/๑
2020-11-2,+8,757,ย 2์/๑,+5,758,ย 2์/๑
2020-11-3,+7,760,ย 2์/๑,+5,760,ย 2์/๑
2020-11-4,+7,759,ย 1์/๑,+2,758,ย 1์/๑
2020-11-5,+4,754,ว 1์/๑,+4,752,ว 1์/๑
2020-11-6,+6,742,ว 2์/๑,+5,740,ว 2์/๑
2020-11-7,+4,740,ัว 3์/๑,+3,743,ัว 3์/๑
2020-11-8,+7,740,ว 3์/๑,+7,742,ว 3์/๑
2020-11-9,+2,751,ว 3์/๑,0,751,ว 3์/๑
2020-11-10,+1,747,ัว 2์/๑,0,748,ัว 2์/๑
2020-11-11,+1,752,ัว 4์/๑,0,754,ัว 4์/๑
2020-11-12,0,755,ว 3์/๑,-1,754,ว 3์/๑
2020-11-13,0,756,ว 2์/๑,-1,755,ว 2์/๑
2020-11-14,-5,760,ัย 2์/๑,-7,761,ัย 2์/๑
2020-11-15,-7,767,ัย 2์/๑,-10,767,ัย 2์/๑
2020-11-16,-8,770,ย 1์/๑,-9,770,ย 1์/๑
2020-11-17,-6,773,ย 1์/๑,-12,773,ย 1์/๑
2020-11-18,-6,773,ุ,-9,771,ุ
2020-11-19,-5,767, 2์/๑,-7,767, 2์/๑
2020-11-20,-5,765, 2์/๑,-8,766, 2์/๑
2020-11-21,-6,767,ย 2์/๑,-8,766,ย 2์/๑
2020-11-22,-6,763,ย 2์/๑,-6,761,ย 2์/๑
2020-11-23,-5,755,ย 3์/๑,-5,754,ย 3์/๑
2020-11-24,-1,752, 2์/๑,-2,751, 2์/๑
2020-11-25,-3,749,ย 2์/๑,-4,749,ย 2์/๑
2020-11-26,-4,752,ัว 1์/๑,-6,753,ัว 1์/๑
2020-11-27,-5,756, 1์/๑,-7,758, 1์/๑
2020-11-28,-1,762,ย 2์/๑,-2,764,ย 2์/๑
2020-11-29,-2,770,ย 2์/๑,-6,772,ย 2์/๑
2020-11-30,-9,773,ย 2์/๑,-10,773,ย 2์/๑
2020-12-1,-7,771,ย 3์/๑,-8,771,ย 3์/๑
2020-12-2,-13,770,ย 1์/๑,-15,770,ย 1์/๑
2020-12-3,-12,770,ว 1์/๑,-16,770,ว 1์/๑
2020-12-4,-11,770,ว 1์/๑,-16,770,ว 1์/๑
2020-12-5,-12,771,ว 1์/๑,-15,771,ว 1์/๑
2020-12-6,-13,772,ว 1์/๑,-13,772,ว 1์/๑
2020-12-7,-6,769,ั 2์/๑,-7,768,ั 2์/๑
2020-12-8,-5,767,ัว 3์/๑,-7,767,ัว 3์/๑
2020-12-9,-7,767,ุ,-10,767,ุ
2020-12-10,-8,767,ว 1์/๑,-9,767,ว 1์/๑
2020-12-11,-14,768,ย 2์/๑,-16,768,ย 2์/๑
2020-12-12,-10,769,ย 1์/๑,-13,769,ย 1์/๑
2020-12-13,-15,768,ย 2์/๑,-17,767,ย 2์/๑
2020-12-14,-14,765,ย 3์/๑,-15,764,ย 3์/๑
2020-12-15,-13,762,ย 2์/๑,-13,761,ย 2์/๑
2020-12-16,-8,757,ย 2์/๑,-8,756,ย 2์/๑
2020-12-17,-7,754,ว 1์/๑,-7,752,ว 1์/๑
2020-12-18,0,751,ว 1์/๑,-3,754,ว 1์/๑
2020-12-19,-13,761,ัว 1์/๑,-15,764,ัว 1์/๑
2020-12-20,-14,767,ย 1์/๑,-15,767,ย 1์/๑
2020-12-21,-15,767,ว 1์/๑,-17,767,ว 1์/๑
2020-12-22,-9,762,ว 2์/๑,-10,761,ว 2์/๑
2020-12-23,-9,758,ว 1์/๑,-10,758,ว 1์/๑
2020-12-24,-9,758,ว 1์/๑,-13,758,ว 1์/๑
2020-12-25,-10,758,ว 1์/๑,-13,758,ว 1์/๑
2020-12-26,-11,755,ย 2์/๑,-8,752,ย 2์/๑
2020-12-27,-3,752,ว 2์/๑,-4,754,ว 2์/๑
2020-12-28,-4,762,ุ,-9,763,ุ
2020-12-29,-8,765,ัย 1์/๑,-9,765,ัย 1์/๑
2020-12-30,-9,764, 1์/๑,-9,764, 1์/๑
2020-12-31,-10,763,ย 2์/๑,-11,762,ย 2์/๑
2021-1-1,-9,761,ย 2์/๑,-11,761,ย 2์/๑
2021-1-2,-12,761,ย 3์/๑,-11,760,ย 3์/๑
2021-1-3,-6,762,ย 1์/๑,-5,764,ย 1์/๑
2021-1-4,-4,767,ย 1์/๑,-3,767,ย 1์/๑
2021-1-5,-6,766,ว 2์/๑,-9,766,ว 2์/๑
2021-1-6,-13,764,ย 3์/๑,-15,764,ย 3์/๑
2021-1-7,-12,759,ย 3์/๑,-11,758,ย 3์/๑
2021-1-8,-8,755,ย 4์/๑,-9,752,ย 4์/๑
2021-1-9,-3,751,ย 2์/๑,-3,748,ย 2์/๑
2021-1-10,-3,741,ว 3์/๑,-6,745,ว 3์/๑
2021-1-11,-15,749,ั 2์/๑,-19,750,ั 2์/๑
2021-1-12,-17,754,ย 2์/๑,-18,755,ย 2์/๑
2021-1-13,-17,759,ย 3์/๑,-16,758,ย 3์/๑
2021-1-14,-11,749,ย 3์/๑,-10,747,ย 3์/๑
2021-1-15,-6,743,ัย 3์/๑,-6,740,ัย 3์/๑
2021-1-16,-7,740,ว 3์/๑,-5,739,ว 3์/๑
2021-1-17,-14,746,ว 2์/๑,-18,749,ว 2์/๑
2021-1-18,-18,751,ว 1์/๑,-17,749,ว 1์/๑
2021-1-19,-16,746,ว 2์/๑,-21,747,ว 2์/๑
2021-1-20,-19,749,ว 2์/๑,-21,751,ว 2์/๑
2021-1-21,-14,752,ว 3์/๑,-12,752,ว 3์/๑
2021-1-22,-10,750,ว 2์/๑,-14,753,ว 2์/๑
2021-1-23,-9,755,ย 2์/๑,-8,754,ย 2์/๑
2021-1-24,+3,757,ว 1์/๑,0,758,ว 1์/๑
2021-1-25,-2,759,ย 2์/๑,-3,759,ย 2์/๑
2021-1-26,-7,758,ย 2์/๑,-7,758,ย 2์/๑
2021-1-27,-7,756,ย 2์/๑,-7,755,ย 2์/๑
2021-1-28,-7,751,ย 3์/๑,-7,749,ย 3์/๑
2021-1-29,-3,745,ย 1์/๑,-4,744,ย 1์/๑
2021-1-30,-3,746,ย 3์/๑,-2,746,ย 3์/๑
2021-1-31,-3,747,ย 2์/๑,-3,744,ย 2์/๑
2021-2-1,-2,752,ว 2์/๑,-4,754,ว 2์/๑
2021-2-2,+1,749,ว 2์/๑,-4,751,ว 2์/๑
2021-2-3,-6,751,ย 2์/๑,-5,749,ย 2์/๑
2021-2-4,+2,744, 2์/๑,+1,744, 2์/๑
2021-2-5,+1,735,ย 3์/๑,+1,733,ย 3์/๑
2021-2-6,-10,736,ว 4์/๑,-14,738,ว 4์/๑
2021-2-7,-18,740,ว 3์/๑,-19,741,ว 3์/๑
2021-2-8,-19,747,ว 3์/๑,-21,751,ว 3์/๑
2021-2-9,-17,757,ว 2์/๑,-17,756,ว 2์/๑
2021-2-10,-15,752,ย 2์/๑,-16,753,ย 2์/๑
2021-2-11,-10,752,ย 3์/๑,-9,751,ย 3์/๑
2021-2-12,-6,750,ย 3์/๑,-4,749,ย 3์/๑
2021-2-13,-1,743,ย 2์/๑,-3,743,ย 2์/๑
2021-2-14,-10,744,ว 2์/๑,-15,747,ว 2์/๑
2021-2-15,-15,750,ว 2์/๑,-19,752,ว 2์/๑
2021-2-16,-16,757,ว 2์/๑,-20,758,ว 2์/๑
2021-2-17,-16,756,ย 2์/๑,-19,755,ย 2์/๑
2021-2-18,-13,750,ั 1์/๑,-19,752,ั 1์/๑
2021-2-19,-15,750,ว 3์/๑,-18,751,ว 3์/๑
2021-2-20,-15,757,ว 2์/๑,-22,758,ว 2์/๑
2021-2-21,-16,757,ุ,-20,757,ุ
2021-2-22,-17,752,ัว 2์/๑,-22,753,ัว 2์/๑
2021-2-23,-24,756,ัว 3์/๑,-25,759,ัว 3์/๑
2021-2-24,-19,761,ัว 3์/๑,-22,762,ัว 3์/๑
2021-2-25,-19,757,ย 1์/๑,-17,752,ย 1์/๑
2021-2-26,-13,749,ย 3์/๑,-12,743,ย 3์/๑
2021-2-27,+3,735,ว 2์/๑,-9,737,ว 2์/๑
2021-2-28,-12,743,ั 2์/๑,-12,746,ั 2์/๑
2021-3-1,-9,752,ัว 2์/๑,-12,752,ัว 2์/๑
2021-3-2,-3,741,ว 3์/๑,-2,740,ว 3์/๑
2021-3-3,0,740,ัว 2์/๑,-3,743,ัว 2์/๑
2021-3-4,-2,738,ว 2์/๑,+1,738,ว 2์/๑
2021-3-5,-1,741,ัว 2์/๑,-7,745,ัว 2์/๑
2021-3-6,-4,748,ัว 1์/๑,-7,747,ัว 1์/๑
2021-3-7,-5,745,ว 3์/๑,-7,743,ว 3์/๑
2021-3-8,-1,739,ว 3์/๑,-2,740,ว 3์/๑
2021-3-9,-2,743,ัย 1์/๑,-7,743,ัย 1์/๑
2021-3-10,-12,746,ัว 3์/๑,-16,749,ัว 3์/๑
2021-3-11,-10,752,ว 4์/๑,-14,754,ว 4์/๑
2021-3-12,-4,759,ว 1์/๑,-10,761,ว 1์/๑
2021-3-13,-7,762,ว 2์/๑,-13,761,ว 2์/๑
2021-3-14,-5,759, 3์/๑,-9,759, 3์/๑
2021-3-15,-3,758,ว 2์/๑,-10,759,ว 2์/๑
2021-3-16,-3,760,ย 2์/๑,-8,759,ย 2์/๑
2021-3-17,-3,754,ย 4์/๑,-5,752,ย 4์/๑
2021-3-18,0,743,ย 2์/๑,-1,743,ย 2์/๑
2021-3-19,0,738,ั 2์/๑,-2,739,ั 2์/๑
2021-3-20,-1,743,ัว 2์/๑,-2,744,ัว 2์/๑
2021-3-21,0,743,ว 2์/๑,-4,744,ว 2์/๑
2021-3-22,+1,744, 2์/๑,0,745, 2์/๑
2021-3-23,+3,747, 2์/๑,0,748, 2์/๑
2021-3-24,+2,749,ย 2์/๑,0,749,ย 2์/๑
2021-3-25,+4,748,ัย 3์/๑,+2,748,ัย 3์/๑
2021-3-26,+6,746,ย 2์/๑,-1,746,ย 2์/๑
2021-3-27,+5,746,ัว 1์/๑,+3,749,ัว 1์/๑
2021-3-28,+4,754,ัย 3์/๑,+2,756,ัย 3์/๑
2021-3-29,+6,761,ย 2์/๑,+3,761,ย 2์/๑
2021-3-30,+9,764,ัว 1์/๑,-2,763,ัว 1์/๑
2021-3-31,+5,759,ว 4์/๑,+3,757,ว 4์/๑
2021-4-1,+6,752,ว 3์/๑,+6,751,ว 3์/๑
2021-4-2,+9,748, 1์/๑,+2,747, 1์/๑
2021-4-3,+7,742,ย 2์/๑,+3,741,ย 2์/๑
2021-4-4,+6,742,ัว 2์/๑,+2,744,ัว 2์/๑
2021-4-5,+8,746,ว 2์/๑,+4,747,ว 2์/๑
2021-4-6,+2,743,ย 4์/๑,+2,741,ย 4์/๑
2021-4-7,+8,747,ว 1์/๑,+5,749,ว 1์/๑
2021-4-8,+13,747,ย 2์/๑,+9,749,ย 2์/๑
2021-4-9,+5,753,ั 2์/๑,+2,755,ั 2์/๑
2021-4-10,+16,753,ย 2์/๑,+15,753,ย 2์/๑
2021-4-11,+19,758,ย 2์/๑,+11,759,ย 2์/๑
2021-4-12,+22,762,ย 1์/๑,+18,763,ย 1์/๑
2021-4-13,+23,762, 2์/๑,+17,761, 2์/๑
2021-4-14,+21,757,ย 3์/๑,+17,755,ย 3์/๑
2021-4-15,+24,752,ย 2์/๑,+17,752,ย 2์/๑
2021-4-16,+25,751,ั 1์/๑,+17,752,ั 1์/๑
2021-4-17,+22,752,ย 3์/๑,+16,752,ย 3์/๑
2021-4-18,+18,751,ัย 3์/๑,+14,752,ัย 3์/๑
2021-4-19,+12,754,ย 4์/๑,+7,756,ย 4์/๑
2021-4-20,+12,758,ย 4์/๑,+8,757,ย 4์/๑
2021-4-21,+3,756,ย 3์/๑,+3,756,ย 3์/๑
2021-4-22,+11,756,ย 3์/๑,+6,758,ย 3์/๑
2021-4-23,+15,754,ย 2์/๑,+9,753,ย 2์/๑
2021-4-24,+10,746,ย 1์/๑,+9,745,ย 1์/๑
2021-4-25,+8,749,ว 3์/๑,+8,749,ว 3์/๑
2021-4-26,+15,749,ว 3์/๑,+9,749,ว 3์/๑
2021-4-27,+8,746,ว 2์/๑,+7,746,ว 2์/๑
2021-4-28,+12,748,ว 5์/๑,+7,749,ว 5์/๑
2021-4-29,+14,752,ว 3์/๑,+10,753,ว 3์/๑
2021-4-30,+16,755,ว 2์/๑,+14,753,ว 2์/๑
2021-5-1,+16,749, 2์/๑,+16,747, 2์/๑
2021-5-2,+18,751,ว 2์/๑,+14,752,ว 2์/๑
2021-5-3,+24,749, 2์/๑,+20,747, 2์/๑
2021-5-4,+26,740,ว 3์/๑,+16,740,ว 3์/๑
2021-5-5,+11,745,ว 3์/๑,+11,747,ว 3์/๑
2021-5-6,+21,751,ว 3์/๑,+17,750,ว 3์/๑
2021-5-7,+22,749,ว 3์/๑,+18,749,ว 3์/๑
2021-5-8,+22,749,ว 2์/๑,+18,749,ว 2์/๑
2021-5-9,+25,747, 3์/๑,+20,748, 3์/๑
2021-5-10,+26,750,ย 2์/๑,+21,752,ย 2์/๑
2021-5-11,+25,756,ย 3์/๑,+18,757,ย 3์/๑
2021-5-12,+23,756,ย 3์/๑,+20,756,ย 3์/๑
2021-5-13,+28,755,ย 3์/๑,+23,754,ย 3์/๑
2021-5-14,+32,753, 4์/๑,+26,753, 4์/๑
2021-5-15,+33,753, 2์/๑,+27,752, 2์/๑
2021-5-16,+33,751,ว 3์/๑,+21,751,ว 3์/๑
2021-5-17,+33,750, 2์/๑,+22,750, 2์/๑
2021-5-18,+33,749,ัว 2์/๑,+26,748,ัว 2์/๑
2021-5-19,+31,748,ย 2์/๑,+25,748,ย 2์/๑
2021-5-20,+19,748,ย 2์/๑,+18,746,ย 2์/๑
2021-5-21,+26,750,ว 2์/๑,+24,750,ว 2์/๑
2021-5-22,+34,746,ว 3์/๑,+25,748,ว 3์/๑
2021-5-23,+35,746, 2์/๑,+31,746, 2์/๑
2021-5-24,+24,749,ัว 3์/๑,+22,749,ัว 3์/๑
2021-5-25,+24,748,ัว 3์/๑,+16,750,ัว 3์/๑
2021-5-26,+23,752,ั 2์/๑,+18,752,ั 2์/๑
2021-5-27,+24,753,ั 1์/๑,+20,752,ั 1์/๑
2021-5-28,+29,748,ัย 2์/๑,+25,746,ัย 2์/๑
2021-5-29,+26,743,ย 1์/๑,+21,742,ย 1์/๑
2021-5-30,+28,741,ว 2์/๑,+21,743,ว 2์/๑
2021-5-31,+16,746,ัย 3์/๑,+15,746,ัย 3์/๑
2021-6-1,+23,746,ัว 2์/๑,+20,746,ัว 2์/๑
2021-6-2,+21,747,ั 2์/๑,+15,748,ั 2์/๑
2021-6-3,+19,746,ัย 2์/๑,+19,747,ัย 2์/๑
2021-6-4,+13,750,ย 4์/๑,+12,752,ย 4์/๑
2021-6-5,+22,752,ย 3์/๑,+17,752,ย 3์/๑
2021-6-6,+25,748,ย 2์/๑,+21,748,ย 2์/๑
2021-6-7,+26,746,ย 2์/๑,+17,746,ย 2์/๑
2021-6-8,+28,745,ั 1์/๑,+18,745,ั 1์/๑
2021-6-9,+28,744,ัว 1์/๑,+22,745,ัว 1์/๑
2021-6-10,+22,746,ัย 2์/๑,+17,748,ัย 2์/๑
2021-6-11,+25,747,ย 2์/๑,+17,748,ย 2์/๑
2021-6-12,+21,747,ว 2์/๑,+20,747,ว 2์/๑
2021-6-13,+27,748,ย 1์/๑,+22,749,ย 1์/๑
2021-6-14,+29,749,ัย 2์/๑,+20,749,ัย 2์/๑
2021-6-15,+29,747,ย 2์/๑,+25,746,ย 2์/๑
2021-6-16,+29,744,ว 3์/๑,+25,745,ว 3์/๑
2021-6-17,+25,749,ัว 2์/๑,+18,752,ัว 2์/๑
2021-6-18,+22,755,ั 3์/๑,+18,757,ั 3์/๑
2021-6-19,+25,756,ว 3์/๑,+22,755,ว 3์/๑
2021-6-20,+31,753,ัว 2์/๑,+23,753,ัว 2์/๑
2021-6-21,+32,754,ว 2์/๑,+23,754,ว 2์/๑
2021-6-22,+33,754,ว 2์/๑,+25,753,ว 2์/๑
2021-6-23,+34,752,ัว 2์/๑,+26,752,ัว 2์/๑
2021-6-24,+26,752,ัว 1์/๑,+24,751,ัว 1์/๑
2021-6-25,+34,749,ว 1์/๑,+21,749,ว 1์/๑
2021-6-26,+35,746,ัว 2์/๑,+27,747,ัว 2์/๑
2021-6-27,+33,747,ว 1์/๑,+29,747,ว 1์/๑
2021-6-28,+34,747,ว 2์/๑,+31,746,ว 2์/๑
2021-6-29,+36,743,ย 3์/๑,+30,742,ย 3์/๑
2021-6-30,+31,744,ว 3์/๑,+20,744,ว 3์/๑
2021-7-1,+28,744,ว 2์/๑,+22,744,ว 2์/๑
2021-7-2,+26,743,ว 1์/๑,+22,743,ว 1์/๑
2021-7-3,+29,743,ัว 1์/๑,+24,743,ัว 1์/๑
2021-7-4,+27,743,ั 2์/๑,+22,744,ั 2์/๑
2021-7-5,+22,746,ัย 2์/๑,+21,747,ัย 2์/๑
2021-7-6,+26,747,ย 2์/๑,+23,749,ย 2์/๑
2021-7-7,+27,752,ัย 3์/๑,+23,752,ัย 3์/๑
2021-7-8,+29,750,ั 2์/๑,+26,750,ั 2์/๑
2021-7-9,+32,749,ั 2์/๑,+27,749,ั 2์/๑
2021-7-10,+33,746,ัว 2์/๑,+23,746,ัว 2์/๑
2021-7-11,+27,746,ั 2์/๑,+22,748,ั 2์/๑
2021-7-12,+26,749,ั 3์/๑,+23,750,ั 3์/๑
2021-7-13,+30,748,ัว 2์/๑,+23,748,ัว 2์/๑
2021-7-14,+30,748,ั 1์/๑,+25,748,ั 1์/๑
2021-7-16,+30,744,ย 1์/๑,+21,744,ย 1์/๑
2021-7-17,+32,743,ว 1์/๑,+27,744,ว 1์/๑
2021-7-18,+33,743,ว 2์/๑,+28,743,ว 2์/๑
2021-7-19,+34,743,ว 2์/๑,+26,743,ว 2์/๑
2021-7-20,+25,742,ว 5์/๑,+22,742,ว 5์/๑
2021-7-21,+30,742,ว 2์/๑,+26,741,ว 2์/๑
2021-7-22,+21,739,ัว 3์/๑,+19,740,ัว 3์/๑
2021-7-23,+24,741,ั 1์/๑,+20,742,ั 1์/๑
2021-7-24,+26,744,ัว 3์/๑,+21,747,ัว 3์/๑
2021-7-25,+23,753,ัว 2์/๑,+20,754,ัว 2์/๑
2021-7-26,+24,755,ว 2์/๑,+18,754,ว 2์/๑
2021-7-27,+27,750,ว 3์/๑,+23,749,ว 3์/๑
2021-7-28,+26,749,ัว 2์/๑,+22,749,ัว 2์/๑
2021-7-29,+23,746,ย 1์/๑,+23,744,ย 1์/๑
2021-7-30,+29,743,ว 3์/๑,+24,744,ว 3์/๑
2021-7-31,+30,743,ว 3์/๑,+25,746,ว 3์/๑
2021-8-1,+32,748,ว 3์/๑,+23,748,ว 3์/๑
2021-8-2,+34,748,ว 2์/๑,+27,748,ว 2์/๑
2021-8-3,+37,746,ว 2์/๑,+27,746,ว 2์/๑
2021-8-4,+34,745,ว 2์/๑,+25,746,ว 2์/๑
2021-8-5,+27,749,ัว 2์/๑,+22,749,ัว 2์/๑
2021-8-6,+28,749,ว 2์/๑,+23,750,ว 2์/๑
2021-8-7,+30,750,ย 1์/๑,+25,751,ย 1์/๑
2021-8-8,,,,+28,753,ุ
2021-8-9,+30,753,ว 2์/๑,+27,752,ว 2์/๑
2021-8-10,+32,751,ัว 2์/๑,+27,751,ัว 2์/๑
2021-8-11,+30,750,ัย 3์/๑,+24,751,ัย 3์/๑
2021-8-12,+32,752,ย 2์/๑,+26,752,ย 2์/๑
2021-8-13,+32,752, 2์/๑,+27,752, 2์/๑
2021-8-14,+32,751, 2์/๑,+23,751, 2์/๑
2021-8-15,+28,752,ย 2์/๑,+25,751,ย 2์/๑
2021-8-16,+35,750,ว 2์/๑,+25,751,ว 2์/๑
2021-8-17,+34,751,ว 2์/๑,+30,750,ว 2์/๑
2021-8-18,+34,749,ว 2์/๑,+25,749,ว 2์/๑
2021-8-19,+38,749,ัว 2์/๑,+32,749,ัว 2์/๑
2021-8-20,+39,749,ย 1์/๑,+31,749,ย 1์/๑
2021-8-21,+38,749, 2์/๑,+32,749, 2์/๑
2021-8-22,+35,747,ว 3์/๑,+28,749,ว 3์/๑
2021-8-23,+29,750,ัว 2์/๑,+21,750,ัว 2์/๑
2021-8-24,+35,746,ย 1์/๑,+29,746,ย 1์/๑
2021-8-25,+26,747,ัว 4์/๑,+21,749,ัว 4์/๑
2021-8-26,+26,750,ั 2์/๑,+20,752,ั 2์/๑
2021-8-27,+25,752,ั 2์/๑,+19,752,ั 2์/๑
2021-8-28,+23,751,ัย 2์/๑,+19,752,ัย 2์/๑
2021-8-29,+22,752,ัว 2์/๑,+17,752,ัว 2์/๑
2021-8-30,+24,753,ว 2์/๑,+16,753,ว 2์/๑
2021-8-31,+28,750,ว 2์/๑,+20,749,ว 2์/๑
2021-9-1,+30,744,ว 3์/๑,+24,742,ว 3์/๑
2021-9-2,+17,741, 1์/๑,+16,739, 1์/๑
2021-9-3,+16,734,ว 1์/๑,+13,735,ว 1์/๑
2021-9-4,+14,740,ว 3์/๑,+11,743,ว 3์/๑
2021-9-5,+15,749,ว 3์/๑,+11,751,ว 3์/๑
2021-9-6,+13,752,ั 1์/๑,+8,754,ั 1์/๑
2021-9-7,+15,755,ว 3์/๑,+11,755,ว 3์/๑
2021-9-8,+17,752,ว 3์/๑,+13,752,ว 3์/๑
2021-9-9,+16,746,ว 4์/๑,+17,746,ว 4์/๑
2021-9-10,+16,745,ว 1์/๑,+11,748,ว 1์/๑
2021-9-11,+16,752,ั 2์/๑,+8,753,ั 2์/๑
2021-9-12,+21,750,ว 2์/๑,+16,749,ว 2์/๑
2021-9-13,+24,747,ว 2์/๑,+20,746,ว 2์/๑
2021-9-14,+25,743,ว 3์/๑,+17,743,ว 3์/๑
2021-9-15,+17,743,ว 4์/๑,+11,744,ว 4์/๑
2021-9-16,+13,746,ว 3์/๑,+9,747,ว 3์/๑
2021-9-17,+9,749,ว 2์/๑,+8,749,ว 2์/๑
2021-9-18,+11,752,ัว 3์/๑,+7,755,ัว 3์/๑
2021-9-19,+12,756,ั 1์/๑,+7,756,ั 1์/๑
2021-9-20,+13,756,ย 2์/๑,+10,756,ย 2์/๑
2021-9-21,+11,752,ย 4์/๑,+11,751,ย 4์/๑
2021-9-22,+10,752,ย 2์/๑,+9,752,ย 2์/๑
2021-9-23,+9,753,ย 3์/๑,+10,751,ย 3์/๑
2021-9-24,+8,749,ย 2์/๑,+9,746,ย 2์/๑
2021-9-25,+14,744,ั 1์/๑,+9,745,ั 1์/๑
2021-9-26,+15,743,ย 1์/๑,+12,741,ย 1์/๑
2021-9-27,+12,744,ย 3์/๑,+9,748,ย 3์/๑
2021-9-28,+10,754,ัย 4์/๑,+6,756,ัย 4์/๑
2021-9-29,+9,758,ัย 3์/๑,+8,759,ัย 3์/๑
2021-9-30,+10,759,ว 1์/๑,+8,760,ว 1์/๑
2021-10-1,+13,761,ว 2์/๑,+10,761,ว 2์/๑
2021-10-2,+11,761,ั 1์/๑,+8,761,ั 1์/๑
2021-10-3,+10,761,ั 1์/๑,+9,762,ั 1์/๑
2021-10-4,+11,764,ัย 2์/๑,+6,766,ัย 2์/๑
2021-10-5,+9,770, 1์/๑,+6,770, 1์/๑
2021-10-6,+9,770,ั 1์/๑,+7,769,ั 1์/๑
2021-10-7,+10,770,ว 2์/๑,+3,770,ว 2์/๑
2021-10-8,+13,767,ว 2์/๑,+4,765,ว 2์/๑
2021-10-9,+14,761,ั 2์/๑,+6,761,ั 2์/๑
2021-10-10,+14,760,ัว 1์/๑,+5,760,ัว 1์/๑
2021-10-11,+12,759,ว 1์/๑,+4,758,ว 1์/๑
2021-10-12,+14,758,ย 1์/๑,+10,758,ย 1์/๑
2021-10-13,+16,758,ย 2์/๑,+9,759,ย 2์/๑
2021-10-14,+14,757,ย 2์/๑,+11,755,ย 2์/๑
2021-10-15,+10,754,ว 3์/๑,+7,755,ว 3์/๑
2021-10-16,+11,755,ว 2์/๑,+6,755,ว 2์/๑
2021-10-17,+11,752,ุ,+9,750,ุ
2021-10-18,+9,745,ย 2์/๑,+9,743,ย 2์/๑
2021-10-19,+7,746,ัว 1์/๑,+5,746,ัว 1์/๑
2021-10-20,+4,749,ัว 3์/๑,+3,752,ัว 3์/๑
2021-10-21,+3,744,ว 3์/๑,,,
2021-10-24,+9,748,ว 2์/๑,+6,749,ว 2์/๑
2021-10-25,+4,752,ัว 2์/๑,+1,756,ัว 2์/๑
2021-10-26,+3,757,ว 3์/๑,+2,757,ว 3์/๑
2021-10-27,+8,753,ว 2์/๑,+5,752,ว 2์/๑
2021-10-28,+8,749,ว 2์/๑,+4,749,ว 2์/๑
2021-10-29,+2,758,ัว 1์/๑,+1,759,ัว 1์/๑
2021-10-30,+7,757,ว 2์/๑,+7,758,ว 2์/๑
2021-10-31,+11,756,ว 2์/๑,+7,756,ว 2์/๑
2021-11-1,+10,755,ว 2์/๑,+7,754,ว 2์/๑
2021-11-2,+6,758,ย 2์/๑,+6,759,ย 2์/๑
2021-11-3,+2,764,ย 2์/๑,-1,765,ย 2์/๑
2021-11-4,+1,767,ย 2์/๑,+2,766,ย 2์/๑
2021-11-5,+2,765,ย 1์/๑,+2,764,ย 1์/๑
2021-11-6,+6,756, 2์/๑,+5,753, 2์/๑
2021-11-7,+6,747,ว 3์/๑,+4,751,ว 3์/๑
2021-11-8,+5,750,ย 2์/๑,+6,747,ย 2์/๑
2021-11-9,+8,744,ว 2์/๑,+4,746,ว 2์/๑
2021-11-10,-3,757,ัว 2์/๑,-4,760,ัว 2์/๑
2021-11-11,-1,757,ว 2์/๑,-1,752,ว 2์/๑
2021-11-12,0,747, 2์/๑,-1,743, 2์/๑
2021-11-13,-1,745,ัว 2์/๑,0,750,ัว 2์/๑
2021-11-14,0,757,ัว 2์/๑,-4,757,ัว 2์/๑
2021-11-15,-5,755,ัย 1์/๑,-9,759,ัย 1์/๑
2021-11-16,-5,756,ว 3์/๑,-3,752,ว 3์/๑
2021-11-17,0,753,ุ,-1,755,ุ
2021-11-18,0,758,ว 1์/๑,-2,755,ว 1์/๑
2021-11-19,-3,751,ย 2์/๑,-1,747,ย 2์/๑
2021-11-20,0,734, 2์/๑,0,728, 2์/๑
2021-11-21,+1,731,ว 2์/๑,+1,734,ว 2์/๑
2021-11-22,+1,737,ว 2์/๑,-1,741,ว 2์/๑
2021-11-23,-4,748,ว 2์/๑,-7,749,ว 2์/๑
2021-11-24,-7,752,ว 1์/๑,-10,751,ว 1์/๑
2021-11-25,-1,747,ว 3์/๑,-1,751,ว 3์/๑
2021-11-26,+1,754,ว 2์/๑,-1,755,ว 2์/๑
2021-11-27,-1,756,ย 1์/๑,-5,755,ย 1์/๑
2021-11-28,-1,750,ย 2์/๑,-1,751,ย 2์/๑
2021-11-29,+1,751,ย 2์/๑,0,749,ย 2์/๑
2021-11-30,+2,735, 2์/๑,+4,735, 2์/๑
2021-12-1,+2,729,ย 1์/๑,0,732,ย 1์/๑
2021-12-2,-1,741,ว 2์/๑,-2,743,ว 2์/๑
2021-12-3,+2,746,ว 2์/๑,+3,749,ว 2์/๑
2021-12-4,+4,744, 2์/๑,+1,746, 2์/๑
2021-12-5,-2,750,ุ,-3,751,ุ
2021-12-6,-4,757,ัย 1์/๑,-4,759,ัย 1์/๑
2021-12-7,-10,762,ย 3์/๑,-12,762,ย 3์/๑
2021-12-8,0,758,ย 1์/๑,0,758,ย 1์/๑
2021-12-9,-2,754,ย 3์/๑,-2,754,ย 3์/๑
2021-12-10,-2,755,ั 2์/๑,-3,758,ั 2์/๑
2021-12-11,-7,762,ัย 1์/๑,-8,764,ัย 1์/๑
2021-12-12,-4,769,ย 1์/๑,-6,769,ย 1์/๑
2021-12-13,-7,767,ย 2์/๑,-7,767,ย 2์/๑
2021-12-14,-4,761, 2์/๑,-4,761, 2์/๑
2021-12-15,-5,757, 1์/๑,-4,755, 1์/๑
2021-12-16,-3,749,ว 1์/๑,-2,747,ว 1์/๑
2021-12-17,-2,746,ว 1์/๑,-2,747,ว 1์/๑
2021-12-18,-2,743,ย 1์/๑,-3,740,ย 1์/๑
2021-12-19,-3,737,ว 2์/๑,-4,736,ว 2์/๑
2021-12-20,0,734,ว 1์/๑,0,737,ว 1์/๑
2021-12-21,-2,739,ว 1์/๑,-6,740,ว 1์/๑
2021-12-22,-13,743,ย 1์/๑,-15,743,ย 1์/๑
2021-12-23,-19,748,ว 1์/๑,-21,750,ว 1์/๑
2021-12-24,-21,755,ว 1์/๑,-22,755,ว 1์/๑
2021-12-25,-13,751,ย 4์/๑,-6,745,ย 4์/๑
2021-12-26,-7,745,ุ,-14,746,ุ
2021-12-27,-11,750,ว 2์/๑,-14,752,ว 2์/๑
2021-12-28,-15,757,ุ,-18,758,ุ
2021-12-29,-20,762,ย 1์/๑,-20,762,ย 1์/๑
2021-12-30,-12,757,ย 2์/๑,-11,756,ย 2์/๑
2021-12-31,-8,751,ย 2์/๑,-8,749,ย 2์/๑
2022-1-1,-4,743, 1์/๑,-3,740, 1์/๑
2022-1-2,-3,734,ว 2์/๑,-8,739,ว 2์/๑
2022-1-3,-11,740,ว 2์/๑,-16,740,ว 2์/๑
2022-1-4,-15,741,ย 2์/๑,-14,743,ย 2์/๑
2022-1-5,-16,749,ว 1์/๑,-19,748,ว 1์/๑
2022-1-6,-7,741,ย 2์/๑,0,737,ย 2์/๑
2022-1-7,0,739,ว 2์/๑,0,740,ว 2์/๑
2022-1-8,-8,753,ว 2์/๑,-11,758,ว 2์/๑
2022-1-9,-11,762,ย 2์/๑,-15,761,ย 2์/๑
2022-1-10,-12,755,ย 2์/๑,-12,754,ย 2์/๑
2022-1-11,-8,752,ย 1์/๑,-8,753,ย 1์/๑
2022-1-12,-7,755,ย 2์/๑,-8,755,ย 2์/๑
2022-1-13,-9,749,ย 3์/๑,-8,744,ย 3์/๑
2022-1-14,-15,728, 2์/๑,-10,722, 2์/๑
2022-1-15,-10,719,ัว 3์/๑,-13,726,ัว 3์/๑
2022-1-16,-6,736,ว 2์/๑,-6,740,ว 2์/๑
2022-1-17,-6,743,ว 2์/๑,-7,742,ว 2์/๑
2022-1-18,-2,744, 2์/๑,-2,747, 2์/๑
2022-1-19,-5,749,ย 2์/๑,-6,751,ย 2์/๑
2022-1-20,-9,752,ย 1์/๑,-11,752,ย 1์/๑
2022-1-21,-11,752,ย 1์/๑,-13,753,ย 1์/๑
2022-1-22,-7,754,ย 3์/๑,-7,755,ย 3์/๑
2022-1-23,-10,761,ย 3์/๑,-10,761,ย 3์/๑
2022-1-24,-11,763,ย 2์/๑,-13,763,ย 2์/๑
2022-1-25,-14,758,ย 2์/๑,-16,755,ย 2์/๑
2022-1-26,-11,750,ว 1์/๑,-12,751,ว 1์/๑
2022-1-27,-8,753,ุ,-7,753,ุ
2022-1-28,-7,751,ย 2์/๑,-8,749,ย 2์/๑
2022-1-29,-12,747,ย 1์/๑,-13,746,ย 1์/๑
2022-1-30,-2,740,ย 1์/๑,-4,742,ย 1์/๑
2022-1-31,-3,745,ย 3์/๑,-2,745,ย 3์/๑
2022-2-1,0,744, 2์/๑,-2,745, 2์/๑
2022-2-2,-2,750, 1์/๑,0,750, 1์/๑
2022-2-3,0,748, 2์/๑,0,747, 2์/๑
2022-2-4,-2,742,ย 2์/๑,-4,741,ย 2์/๑
2022-2-5,-4,741,ุ,-4,742,ุ
2022-2-6,-3,743,ว 1์/๑,-4,744,ว 1์/๑
2022-2-7,-5,747,ว 1์/๑,-7,749,ว 1์/๑
2022-2-8,-5,751, 1์/๑,-5,751, 1์/๑
2022-2-9,-2,751,ย 2์/๑,-4,752,ย 2์/๑
2022-2-10,-6,746,ย 3์/๑,-6,745,ย 3์/๑
2022-2-11,-1,746,ว 2์/๑,-1,746,ว 2์/๑
2022-2-12,+1,748,ว 1์/๑,-4,749,ว 1์/๑
2022-2-13,-4,749,ว 3์/๑,-4,750,ว 3์/๑
2022-2-14,-2,755, 1์/๑,-6,753, 1์/๑
2022-2-15,-4,754,ว 2์/๑,-8,755,ว 2์/๑
2022-2-16,-7,757,ว 1์/๑,-12,757,ว 1์/๑
2022-2-17,-11,753,ย 2์/๑,-12,752,ย 2์/๑
2022-2-18,-5,749,ย 3์/๑,-7,749,ย 3์/๑
2022-2-19,-5,749,ย 2์/๑,-4,748,ย 2์/๑
2022-2-20,+1,740,ว 3์/๑,+1,740,ว 3์/๑
2022-2-21,+1,744,ว 2์/๑,-2,746,ว 2์/๑
2022-2-22,0,747, 1์/๑,+2,747, 1์/๑
2022-2-23,+1,746,ว 3์/๑,0,747,ว 3์/๑
2022-2-24,+1,755,ว 1์/๑,0,756,ว 1์/๑
2022-2-25,-2,760,ย 2์/๑,-5,759,ย 2์/๑
2022-2-26,-1,755,ย 2์/๑,0,755,ย 2์/๑
2022-2-27,+1,755,ย 3์/๑,0,758,ย 3์/๑
2022-2-28,+2,758,ย 2์/๑,-1,758,ย 2์/๑
2022-3-1,+1,758,ัว 1์/๑,-6,758,ัว 1์/๑
2022-3-2,-5,758,ย 1์/๑,-5,755,ย 1์/๑
2022-3-3,-5,750,ย 1์/๑,-6,749,ย 1์/๑
2022-3-4,-2,742,ัย 2์/๑,-2,740,ัย 2์/๑
2022-3-5,-2,730,ัย 3์/๑,-4,732,ัย 3์/๑
2022-3-6,-9,740,ัว 3์/๑,-10,743,ัว 3์/๑
2022-3-7,-3,744,ุ,-9,747,ุ
2022-3-8,-7,749,ย 2์/๑,-8,750,ย 2์/๑
2022-3-9,-7,752,ัย 2์/๑,-8,753,ัย 2์/๑
2022-3-10,-6,756,ัย 2์/๑,-10,758,ัย 2์/๑
2022-3-11,-7,755,ัย 3์/๑,-10,755,ัย 3์/๑
2022-3-12,-7,754,ัย 2์/๑,-10,755,ัย 2์/๑
2022-3-13,-5,755,ว 1์/๑,-9,754,ว 1์/๑
2022-3-14,-8,752,ย 1์/๑,-10,752,ย 1์/๑
2022-3-15,-6,756,ย 4์/๑,-9,758,ย 4์/๑
2022-3-16,-8,760,ย 4์/๑,-8,761,ย 4์/๑
2022-3-17,-3,764,ั 2์/๑,-6,764,ั 2์/๑
2022-3-18,0,766,ัย 2์/๑,-9,767,ัย 2์/๑
2022-3-19,+2,766,ว 1์/๑,-2,764,ว 1์/๑
2022-3-20,+5,755,ว 1์/๑,+3,753,ว 1์/๑
2022-3-21,0,749,ั 2์/๑,-1,755,ั 2์/๑
2022-3-22,+5,758,ัว 2์/๑,-1,757,ัว 2์/๑
2022-3-23,+7,755,ว 2์/๑,+1,755,ว 2์/๑
2022-3-24,+6,752,ว 2์/๑,0,752,ว 2์/๑
2022-3-25,+7,751,ว 1์/๑,+3,751,ว 1์/๑
2022-3-26,+5,743, 2์/๑,-2,740, 2์/๑
2022-3-27,+1,732,ว 2์/๑,0,734,ว 2์/๑
2022-3-28,-3,742,ัว 2์/๑,-4,743,ัว 2์/๑
2022-3-29,+5,737,ว 4์/๑,+2,741,ว 4์/๑
2022-3-30,+4,743,ว 2์/๑,+3,747,ว 2์/๑
2022-3-31,+1,749,ย 1์/๑,+1,749,ย 1์/๑
2022-4-1,+7,748,ว 1์/๑,+4,746,ว 1์/๑
2022-4-2,+9,743, 1์/๑,+5,743, 1์/๑
2022-4-3,+11,737,ว 3์/๑,+8,737,ว 3์/๑
2022-4-4,+5,735,ว 4์/๑,+2,739,ว 4์/๑
2022-4-5,+4,747,ว 3์/๑,+2,749,ว 3์/๑
2022-4-6,+7,746, 3์/๑,+5,745, 3์/๑
2022-4-7,+8,749,ว 2์/๑,+7,750,ว 2์/๑
2022-4-8,+16,749,ย 2์/๑,+11,749,ย 2์/๑
2022-4-9,+8,746,ย 2์/๑,+7,746,ย 2์/๑
2022-4-10,+11,749,ย 1์/๑,+8,751,ย 1์/๑
2022-4-11,+16,749,ย 2์/๑,+12,749,ย 2์/๑
2022-4-12,+14,747,ัย 2์/๑,+12,748,ัย 2์/๑
2022-4-13,+15,746,ย 3์/๑,+11,744,ย 3์/๑
2022-4-14,+11,743,ย 2์/๑,+7,743,ย 2์/๑
2022-4-15,+5,743,ว 2์/๑,+3,747,ว 2์/๑
2022-4-16,+11,752,ว 1์/๑,+7,752,ว 1์/๑
2022-4-17,+16,751, 1์/๑,+13,751, 1์/๑
2022-4-18,+18,752,ย 1์/๑,+12,752,ย 1์/๑
2022-4-19,+21,752, 1์/๑,+18,750, 1์/๑
2022-4-20,+17,749,ัย 1์/๑,+11,750,ัย 1์/๑
2022-4-21,+9,751,ัย 2์/๑,+10,752,ัย 2์/๑
2022-4-22,+15,750,ัย 3์/๑,+10,749,ัย 3์/๑
2022-4-23,+13,749,ย 2์/๑,+8,750,ย 2์/๑
2022-4-24,+14,751,ว 1์/๑,+12,751,ว 1์/๑
2022-4-25,+19,750,ว 2์/๑,+16,750,ว 2์/๑
2022-4-26,+23,748, 3์/๑,+20,747, 3์/๑
2022-4-27,+17,748,ว 2์/๑,+17,746,ว 2์/๑
2022-4-28,+14,751,ัว 2์/๑,+8,754,ัว 2์/๑
2022-4-29,+10,756,ัว 2์/๑,+8,757,ัว 2์/๑
2022-4-30,+13,752,ุ,+11,750,ุ
2022-5-1,+8,752,ัว 3์/๑,+6,754,ัว 3์/๑
2022-5-2,+13,753,ว 2์/๑,+9,752,ว 2์/๑
2022-5-3,+17,749,ว 2์/๑,+13,749,ว 2์/๑
2022-5-4,+19,745,ว 3์/๑,+13,746,ว 3์/๑
2022-5-5,+7,750,ัว 3์/๑,+4,755,ัว 3์/๑
2022-5-6,+11,759,ัว 2์/๑,+9,761,ัว 2์/๑
2022-5-7,+15,761,ว 1์/๑,+8,760,ว 1์/๑
2022-5-8,+18,756,ว 1์/๑,+11,755,ว 1์/๑
2022-5-9,+19,748,ย 2์/๑,+17,745,ย 2์/๑
2022-5-10,+9,737,ัว 2์/๑,+8,737,ัว 2์/๑
2022-5-11,+12,745, 3์/๑,+7,745, 3์/๑
2022-5-12,+10,740,ัว 2์/๑,+8,741,ัว 2์/๑
2022-5-13,+16,738,ว 2์/๑,+11,741,ว 2์/๑
2022-5-14,+17,742,ว 2์/๑,+15,742,ว 2์/๑
2022-5-15,+16,740,ว 2์/๑,+11,739,ว 2์/๑
2022-5-16,+17,739,ว 2์/๑,+13,740,ว 2์/๑
2022-5-17,+14,740,ว 2์/๑,+11,740,ว 2์/๑
2022-5-18,+11,740,ว 2์/๑,+10,743,ว 2์/๑
2022-5-19,+12,745,ว 2์/๑,+7,746,ว 2์/๑
2022-5-20,+12,743,ั 1์/๑,+8,743,ั 1์/๑
2022-5-21,+10,743,ัว 4์/๑,+7,743,ัว 4์/๑
2022-5-22,+14,737,ว 2์/๑,+11,737,ว 2์/๑
2022-5-23,+13,737,ว 2์/๑,+11,740,ว 2์/๑
2022-5-24,+16,742,ว 3์/๑,+13,743,ว 3์/๑
2022-5-25,+11,746,ว 2์/๑,+7,748,ว 2์/๑
2022-5-26,+16,748,ว 3์/๑,+12,747,ว 3์/๑
2022-5-27,+19,740,ว 2์/๑,+13,741,ว 2์/๑
2022-5-28,+19,743, 1์/๑,+15,744, 1์/๑
2022-5-29,+19,751,ว 2์/๑,+14,752,ว 2์/๑
2022-5-30,+21,753,ั 1์/๑,+14,754,ั 1์/๑
2022-5-31,+23,755,ัว 2์/๑,+19,754,ัว 2์/๑
2022-6-1,+23,755,ัย 2์/๑,+17,756,ัย 2์/๑
2022-6-2,+25,756,ว 2์/๑,+18,755,ว 2์/๑
2022-6-3,+27,753,ว 2์/๑,+20,752,ว 2์/๑
2022-6-4,+19,750,ุ,+18,749,ุ
2022-6-5,+24,748, 1์/๑,+20,747, 1์/๑
2022-6-6,+16,742,ัย 2์/๑,+14,739,ัย 2์/๑
2022-6-7,+15,741,ว 4์/๑,+14,742,ว 4์/๑
2022-6-8,+12,743,ว 3์/๑,+12,743,ว 3์/๑
2022-6-9,+17,744,ัว 2์/๑,+16,745,ัว 2์/๑
2022-6-10,+26,745,ัว 2์/๑,+19,745,ัว 2์/๑
2022-6-11,+25,745,ั 2์/๑,+20,745,ั 2์/๑
2022-6-12,+19,746,ัว 2์/๑,+14,746,ัว 2์/๑
2022-6-13,+21,748,ว 2์/๑,+16,748,ว 2์/๑
2022-6-14,+26,749,ว 2์/๑,+19,749,ว 2์/๑
2022-6-15,+28,749,ว 2์/๑,+22,748,ว 2์/๑
2022-6-16,+25,747,ย 1์/๑,+23,747,ย 1์/๑
2022-6-17,+23,746,ัว 1์/๑,+18,746,ัว 1์/๑
2022-6-18,+25,746,ว 2์/๑,+20,746,ว 2์/๑
2022-6-19,+23,746,ัว 2์/๑,+17,746,ัว 2์/๑
2022-6-20,+21,740,ว 3์/๑,+15,740,ว 3์/๑
2022-6-21,+22,740,ว 3์/๑,+18,739,ว 3์/๑
2022-6-22,+28,737,ว 2์/๑,+23,737,ว 2์/๑
2022-6-23,+24,743,ั 2์/๑,+20,743,ั 2์/๑
2022-6-24,+23,743,ัย 3์/๑,+19,744,ัย 3์/๑
2022-6-25,+27,746,ัว 3์/๑,+23,746,ัว 3์/๑
2022-6-26,+23,749,ัว 3์/๑,+19,750,ัว 3์/๑
2022-6-27,+26,749,ว 3์/๑,+23,747,ว 3์/๑
2022-6-28,+19,749,ั 2์/๑,+15,750,ั 2์/๑
2022-6-29,+17,750,ั 1์/๑,+16,749,ั 1์/๑
2022-6-30,+22,745,ว 3์/๑,+17,745,ว 3์/๑
2022-7-1,+15,745,ย 1์/๑,+15,746,ย 1์/๑
2022-7-2,+25,746,ัย 3์/๑,+20,746,ัย 3์/๑
2022-7-3,+21,744,ัย 3์/๑,+16,744,ัย 3์/๑
2022-7-4,+21,744,ั 2์/๑,+16,746,ั 2์/๑
2022-7-5,+20,749,ั 2์/๑,+17,750,ั 2์/๑
2022-7-6,+25,750,ว 3์/๑,+17,750,ว 3์/๑
2022-7-7,+29,750,ว 2์/๑,+21,750,ว 2์/๑
2022-7-8,+30,751, 1์/๑,+25,751, 1์/๑
2022-7-9,+30,749,ัว 2์/๑,+25,749,ัว 2์/๑
2022-7-10,+31,749,ัย 1์/๑,+26,750,ัย 1์/๑
2022-7-11,+32,751,ย 2์/๑,+27,751,ย 2์/๑
2022-7-12,+27,753,ว 3์/๑,+24,752,ว 3์/๑
2022-7-13,+31,750,ย 2์/๑,+28,748,ย 2์/๑
2022-7-14,+27,745,ย 3์/๑,+23,741,ย 3์/๑
2022-7-15,+25,743,ว 4์/๑,+22,746,ว 4์/๑
2022-7-16,+27,749,ว 2์/๑,+22,749,ว 2์/๑
2022-7-17,+28,749,ว 2์/๑,+25,749,ว 2์/๑
2022-7-18,+31,746,ย 3์/๑,+21,744,ย 3์/๑
2022-7-19,+23,747,ว 3์/๑,+20,748,ว 3์/๑
2022-7-20,+22,746,ว 2์/๑,+18,745,ว 2์/๑
2022-7-21,+26,743,ย 3์/๑,+23,743,ย 3์/๑
2022-7-22,+26,745,ย 1์/๑,+22,745,ย 1์/๑
2022-7-23,+26,746,ัว 1์/๑,+24,745,ัว 1์/๑
2022-7-24,+30,743,ัย 2์/๑,+22,743,ัย 2์/๑
2022-7-25,+19,742,ว 1์/๑,+20,743,ว 1์/๑
2022-7-26,+28,743,ว 2์/๑,+23,743,ว 2์/๑
2022-7-27,+30,746,ัว 3์/๑,+25,747,ัว 3์/๑
2022-7-28,+29,748,ัว 3์/๑,+24,749,ัว 3์/๑
2022-7-29,+27,749,ัย 2์/๑,+23,749,ัย 2์/๑
2022-7-30,+28,749,ว 2์/๑,+24,749,ว 2์/๑
2022-7-31,+26,749,ัว 2์/๑,+22,748,ัว 2์/๑
2022-8-1,+28,748,ัว 2์/๑,+23,749,ัว 2์/๑
2022-8-2,+27,749,ั 2์/๑,+24,749,ั 2์/๑
2022-8-3,+28,751,ั 2์/๑,+25,752,ั 2์/๑
2022-8-4,+30,753,ัย 1์/๑,+24,753,ัย 1์/๑
2022-8-5,+31,754,ัว 1์/๑,+24,754,ัว 1์/๑
2022-8-6,+30,754,ย 2์/๑,+23,753,ย 2์/๑
2022-8-7,+31,752,ว 2์/๑,+23,752,ว 2์/๑
2022-8-8,+32,752,ั 2์/๑,+25,752,ั 2์/๑
2022-8-9,+30,752,ั 1์/๑,+22,752,ั 1์/๑
2022-8-10,+32,751,ว 2์/๑,+26,752,ว 2์/๑
2022-8-11,+29,753,ั 2์/๑,+23,754,ั 2์/๑
2022-8-12,+27,755,ว 2์/๑,+20,755,ว 2์/๑
2022-8-13,+29,752,ัว 2์/๑,+24,752,ัว 2์/๑
2022-8-14,+29,752,ั 1์/๑,+23,753,ั 1์/๑
2022-8-15,+27,754,ัย 3์/๑,+23,754,ัย 3์/๑
2022-8-16,+28,755,ัย 3์/๑,+24,755,ัย 3์/๑
2022-8-17,+29,753,ย 2์/๑,+25,752,ย 2์/๑
2022-8-18,+27,754,ัย 2์/๑,+22,754,ัย 2์/๑
2022-8-19,+25,760,ย 3์/๑,+19,761,ย 3์/๑
2022-8-20,+26,761,ย 2์/๑,+17,760,ย 2์/๑
2022-8-21,+30,758,ัย 3์/๑,+26,758,ัย 3์/๑
2022-8-22,+30,758,ย 3์/๑,+26,758,ย 3์/๑
2022-8-23,+32,760,ย 1์/๑,+25,760,ย 1์/๑
2022-8-24,+32,759,ัย 3์/๑,+26,759,ัย 3์/๑
2022-8-25,+31,757,ัย 2์/๑,+26,756,ัย 2์/๑
2022-8-26,+32,755,ว 2์/๑,+27,755,ว 2์/๑
2022-8-27,+32,755,ย 1์/๑,+27,755,ย 1์/๑
2022-8-28,+32,755,ั 1์/๑,+23,754,ั 1์/๑
2022-8-29,+32,753,ย 2์/๑,+26,752,ย 2์/๑
2022-8-30,+34,748,ว 3์/๑,+27,747,ว 3์/๑
2022-8-31,+31,745,ว 1์/๑,+29,743,ว 1์/๑
2022-9-1,+25,746,ว 1์/๑,+23,744,ว 1์/๑
2022-9-2,+21,748,ว 3์/๑,+15,749,ว 3์/๑
2022-9-3,+17,755,ว 2์/๑,+13,755,ว 2์/๑
2022-9-4,+13,752,ั 1์/๑,+9,749,ั 1์/๑
2022-9-5,+14,747,ว 3์/๑,+12,748,ว 3์/๑
2022-9-6,+10,745,ย 1์/๑,+9,746,ย 1์/๑
2022-9-7,+14,749,ว 3์/๑,+12,749,ว 3์/๑
2022-9-8,+13,749,ว 4์/๑,+10,749,ว 4์/๑
2022-9-9,+13,749,ัว 3์/๑,+9,751,ัว 3์/๑
2022-9-10,+12,754,ัว 2์/๑,+8,755,ัว 2์/๑
2022-9-11,+13,755,ว 2์/๑,+11,755,ว 2์/๑
2022-9-12,+14,755,ย 2์/๑,+12,755,ย 2์/๑
2022-9-13,+18,752,ย 2์/๑,+16,752,ย 2์/๑
2022-9-14,+18,748,ย 2์/๑,+12,747,ย 2์/๑
2022-9-15,+16,743,ย 1์/๑,+13,743,ย 1์/๑
2022-9-16,+18,743, 1์/๑,+14,743, 1์/๑
2022-9-17,+20,742, 1์/๑,+16,744, 1์/๑
2022-9-18,+21,748,ย 2์/๑,+19,746,ย 2์/๑
2022-9-19,+27,746, 2์/๑,+23,747, 2์/๑
2022-9-20,+16,751,ว 1์/๑,+15,751,ว 1์/๑
2022-9-21,+17,749,ย 2์/๑,+19,749,ย 2์/๑
2022-9-22,+26,748,ย 1์/๑,+20,747,ย 1์/๑
2022-9-23,+24,743,ย 3์/๑,+20,743,ย 3์/๑
2022-9-24,+17,745,ว 3์/๑,+13,746,ว 3์/๑
2022-9-25,+11,742,ุ,+10,742,ุ
2022-9-26,+11,746,ว 2์/๑,+9,748,ว 2์/๑
2022-9-27,+13,752,ว 1์/๑,+11,752,ว 1์/๑
2022-9-28,+10,748,ย 4์/๑,+10,746,ย 4์/๑
2022-9-29,+12,746,ย 1์/๑,+11,748,ย 1์/๑
2022-9-30,+11,755,ัย 1์/๑,+9,756,ัย 1์/๑
2022-10-1,+14,756,ย 2์/๑,+10,755,ย 2์/๑
2022-10-2,+16,751,ย 2์/๑,+16,750,ย 2์/๑
2022-10-3,+19,752,ย 3์/๑,+14,754,ย 3์/๑
2022-10-4,+15,757,ย 3์/๑,+12,758,ย 3์/๑
2022-10-5,+8,755,ย 2์/๑,+8,754,ย 2์/๑
2022-10-6,+11,751,ว 3์/๑,+9,752,ว 3์/๑
2022-10-7,+11,750,ว 2์/๑,+10,752,ว 2์/๑
2022-10-8,+15,757,ว 1์/๑,+7,757,ว 1์/๑
2022-10-9,+16,757,ว 2์/๑,+13,756,ว 2์/๑
2022-10-10,+17,754,ย 1์/๑,+13,753,ย 1์/๑
2022-10-11,+10,749,ย 2์/๑,+9,748,ย 2์/๑
2022-10-12,+11,747,ัย 2์/๑,+10,747,ัย 2์/๑
2022-10-13,+12,747,ัว 2์/๑,+9,749,ัว 2์/๑
2022-10-14,+7,752,ว 2์/๑,+7,752,ว 2์/๑
2022-10-15,+7,756,ว 2์/๑,+6,758,ว 2์/๑
2022-10-16,+10,761,ว 1์/๑,+2,762,ว 1์/๑
2022-10-17,+10,761,ว 2์/๑,+7,759,ว 2์/๑
2022-10-18,+8,752,ว 3์/๑,+7,748,ว 3์/๑
2022-10-19,+10,743,ย 1์/๑,+7,742,ย 1์/๑
2022-10-20,+8,746,ัย 2์/๑,+5,746,ัย 2์/๑
2022-10-21,+7,747,ัว 2์/๑,+2,749,ัว 2์/๑
2022-10-22,+5,755,ัว 1์/๑,-1,757,ัว 1์/๑
2022-10-23,+3,756, 1์/๑,+3,755, 1์/๑
2022-10-24,+6,746, 2์/๑,+6,745, 2์/๑
2022-10-25,+3,749,ัว 1์/๑,+3,751,ัว 1์/๑
2022-10-26,+3,758,ัย 1์/๑,+2,760,ัย 1์/๑
2022-10-27,+4,760,ย 2์/๑,+1,760,ย 2์/๑
2022-10-28,+3,756,ย 2์/๑,+3,756,ย 2์/๑
2022-10-29,+3,752, 1์/๑,+3,750, 1์/๑
2022-10-30,+4,737, 2์/๑,+7,734, 2์/๑
2022-10-31,+3,737,ว 1์/๑,+2,738,ว 1์/๑
2022-11-1,+1,737,ัว 3์/๑,+1,736,ัว 3์/๑
2022-11-2,0,735,ัว 3์/๑,0,737,ัว 3์/๑
2022-11-3,+1,741,ั 1์/๑,0,743,ั 1์/๑
2022-11-4,+2,748,ว 1์/๑,+2,749,ว 1์/๑
2022-11-5,+3,752,ว 2์/๑,+1,755,ว 2์/๑
2022-11-6,+2,758,ว 1์/๑,+1,758,ว 1์/๑
2022-11-7,+1,757,ว 2์/๑,+1,755,ว 2์/๑
2022-11-9,+5,755,ว 3์/๑,+4,756,ว 3์/๑
2022-11-10,+6,756,ว 3์/๑,+6,757,ว 3์/๑
2022-11-11,+6,756,ว 5์/๑,+6,755,ว 5์/๑
2022-11-12,+6,745,ว 4์/๑,+6,738,ว 4์/๑
2022-11-13,+6,728,ว 4์/๑,+5,731,ว 4์/๑
2022-11-14,-2,740,ัว 5์/๑,-3,743,ัว 5์/๑
2022-11-15,-4,747,ัว 3์/๑,-4,749,ัว 3์/๑
2022-11-16,-2,749,ว 1์/๑,-4,750,ว 1์/๑
2022-11-17,-2,749,ย 4์/๑,-2,748,ย 4์/๑
2022-11-18,0,746,ย 3์/๑,+1,745,ย 3์/๑
2022-11-19,+1,752,ั 1์/๑,0,754,ั 1์/๑
2022-11-20,0,752,ย 2์/๑,-2,753,ย 2์/๑
2022-11-21,-2,753,ย 1์/๑,-2,752,ย 1์/๑
2022-11-22,-1,753,ย 3์/๑,-2,752,ย 3์/๑
2022-11-23,0,744,ย 1์/๑,+1,743,ย 1์/๑
2022-11-24,+1,748,ว 1์/๑,+1,751,ว 1์/๑
2022-11-25,+1,758,ย 2์/๑,+1,760,ย 2์/๑
2022-11-26,-4,764,ย 3์/๑,-6,764,ย 3์/๑
2022-11-27,-7,764,ัย 3์/๑,-7,765,ัย 3์/๑
2022-11-28,-5,767,ัย 2์/๑,-8,769,ัย 2์/๑
2022-11-29,-7,770,ัย 2์/๑,-11,770,ัย 2์/๑
2022-11-30,-10,770,ั 1์/๑,-9,770,ั 1์/๑
2022-12-1,-7,769,ัว 1์/๑,-8,769,ัว 1์/๑
2022-12-2,-10,773,ย 2์/๑,-13,774,ย 2์/๑
2022-12-3,-12,776,ย 1์/๑,-14,777,ย 1์/๑
2022-12-4,-10,776,ัว 2์/๑,-11,773,ัว 2์/๑
2022-12-5,-12,768,ั 1์/๑,-14,767,ั 1์/๑
2022-12-6,-10,767,ย 1์/๑,-13,768,ย 1์/๑
2022-12-7,-13,769,ย 2์/๑,-16,768,ย 2์/๑
2022-12-8,-13,768,ย 2์/๑,-15,768,ย 2์/๑
2022-12-9,-10,765,ย 1์/๑,-11,764,ย 1์/๑
2022-12-10,-7,761,ย 3์/๑,-9,761,ย 3์/๑
2022-12-11,-6,759,ย 2์/๑,-6,760,ย 2์/๑
2022-12-12,-6,759,ย 2์/๑,-9,759,ย 2์/๑
2022-12-13,-6,760,ย 3์/๑,-8,759,ย 3์/๑
2022-12-14,-5,756,ย 3์/๑,-5,756,ย 3์/๑
2022-12-15,-5,760,ย 1์/๑,-6,761,ย 1์/๑
2022-12-16,-4,758,ย 1์/๑,-3,760,ย 1์/๑
2022-12-17,-3,759,ย 2์/๑,-3,758,ย 2์/๑
2022-12-18,+1,751,ว 1์/๑,+1,749,ว 1์/๑
2022-12-19,-6,753,ว 3์/๑,-7,755,ว 3์/๑
2022-12-20,-8,755,ว 2์/๑,-5,754,ว 2์/๑
2022-12-21,-5,755,ย 2์/๑,-6,757,ย 2์/๑
2022-12-22,-2,752, 3์/๑,-1,750, 3์/๑
2022-12-23,+1,752, 2์/๑,+1,754, 2์/๑
2022-12-24,-2,755, 2์/๑,-3,755, 2์/๑
2022-12-25,-7,755,ย 2์/๑,-6,755,ย 2์/๑
2022-12-26,-4,758,ั 1์/๑,-4,758,ั 1์/๑
2022-12-27,-3,758,ัย 1์/๑,-5,757,ัย 1์/๑
2022-12-28,-6,753,ย 2์/๑,-9,752,ย 2์/๑
2022-12-29,-7,751,ย 1์/๑,-7,752,ย 1์/๑
2022-12-30,-6,755,ย 1์/๑,-5,755,ย 1์/๑
2022-12-31,-3,751,ย 3์/๑,-2,749,ย 3์/๑
2023-1-1,0,750,ว 1์/๑,0,747,ว 1์/๑
2023-1-2,+2,737,ัว 4์/๑,+1,743,ัว 4์/๑
2023-1-3,-1,747,ว 2์/๑,-3,743,ว 2์/๑
2023-1-4,-2,739,ัว 1์/๑,-6,743,ัว 1์/๑
2023-1-5,-6,743, 2์/๑,-3,742, 2์/๑
2023-1-6,-13,739,ัว 3์/๑,-23,743,ัว 3์/๑
2023-1-7,-24,749,ัว 2์/๑,-27,752,ัว 2์/๑
2023-1-8,-22,754,ัว 4์/๑,-23,757,ัว 4์/๑
2023-1-9,-25,766,ัว 1์/๑,-28,769,ัว 1์/๑
2023-1-10,-23,775,ว 1์/๑,-24,776,ว 1์/๑
2023-1-11,-21,777,ว 1์/๑,-23,776,ว 1์/๑
2023-1-12,-15,772, 1์/๑,-14,771, 1์/๑
2023-1-13,-14,768,ย 1์/๑,-13,767,ย 1์/๑
2023-1-14,-12,768,ย 2์/๑,-12,768,ย 2์/๑
2023-1-15,-10,767,ย 2์/๑,-13,766,ย 2์/๑
2023-1-16,-12,763,ย 4์/๑,-14,763,ย 4์/๑
2023-1-17,-12,764,ย 3์/๑,-13,764,ย 3์/๑
2023-1-18,-10,766,ย 2์/๑,-12,766,ย 2์/๑
2023-1-19,-9,767,ย 3์/๑,-11,767,ย 3์/๑
2023-1-20,-10,770,ย 2์/๑,-12,770,ย 2์/๑
2023-1-21,-9,773,ย 2์/๑,-11,772,ย 2์/๑
2023-1-22,-7,773,ย 2์/๑,-9,773,ย 2์/๑
2023-1-23,-7,771,ว 2์/๑,-10,770,ว 2์/๑
2023-1-24,-6,767,ว 1์/๑,-9,764,ว 1์/๑
2023-1-25,-7,761,ว 1์/๑,-8,761,ว 1์/๑
2023-1-26,-3,757,ว 3์/๑,-4,757,ว 3์/๑
2023-1-27,-5,755,ว 3์/๑,-7,756,ว 3์/๑
2023-1-28,-6,756,ว 1์/๑,-7,756,ว 1์/๑
2023-1-29,-9,753,ว 1์/๑,-13,752,ว 1์/๑
2023-1-30,-4,749,ย 3์/๑,-6,749,ย 3์/๑
2023-1-31,-2,749, 2์/๑,-5,750, 2์/๑
2023-2-1,-8,752,ย 2์/๑,-11,751,ย 2์/๑
2023-2-2,-5,752,ย 1์/๑,-6,752,ย 1์/๑
2023-2-3,-7,752,ย 2์/๑,-9,752,ย 2์/๑
2023-2-4,-7,753,ย 2์/๑,-10,754,ย 2์/๑
2023-2-5,-6,755,ว 1์/๑,-9,756,ว 1์/๑
2023-2-6,-6,758,ว 1์/๑,-11,760,ว 1์/๑
2023-2-7,-9,764,ั 1์/๑,-12,765,ั 1์/๑
2023-2-8,-9,764,ว 1์/๑,-11,761,ว 1์/๑
2023-2-9,-6,762,ัว 1์/๑,-7,763,ัว 1์/๑
2023-2-10,-7,760,ว 3์/๑,-7,758,ว 3์/๑
2023-2-11,-4,755,ว 2์/๑,-5,755,ว 2์/๑
2023-2-12,-6,752,ย 3์/๑,-8,752,ย 3์/๑
2023-2-13,-3,749,ย 3์/๑,-3,749,ย 3์/๑
2023-2-14,-7,746,ย 3์/๑,-9,746,ย 3์/๑
2023-2-15,-8,746,ัย 3์/๑,-8,748,ัย 3์/๑
2023-2-16,-2,752,ย 3์/๑,-3,754,ย 3์/๑
2023-2-17,-5,751,ั 1์/๑,-7,750,ั 1์/๑
2023-2-18,-6,747,ย 1์/๑,-10,747,ย 1์/๑
2023-2-19,-12,743,ัย 3์/๑,-15,742,ัย 3์/๑
2023-2-20,-10,739,ย 2์/๑,-11,737,ย 2์/๑
2023-2-21,-3,733,ย 1์/๑,-5,733,ย 1์/๑
2023-2-22,-4,728,ัว 1์/๑,-8,731,ัว 1์/๑
2023-2-23,-11,738,ว 2์/๑,-13,742,ว 2์/๑
2023-2-24,-10,749,ว 3์/๑,-10,749,ว 3์/๑
2023-2-25,-3,749, 2์/๑,-2,751, 2์/๑
2023-2-26,+1,750,ย 2์/๑,+1,749,ย 2์/๑
2023-2-27,+3,749,ว 3์/๑,+1,749,ว 3์/๑
2023-2-28,-2,745,ว 3์/๑,-5,742,ว 3์/๑
2023-3-1,-3,737,ว 2์/๑,-5,740,ว 2์/๑
2023-3-2,-4,740,ว 3์/๑,-6,742,ว 3์/๑
2023-3-3,-2,741,ว 4์/๑,-2,742,ว 4์/๑
2023-3-4,0,738,ว 2์/๑,0,737,ว 2์/๑
2023-3-5,0,733,ว 1์/๑,-2,736,ว 1์/๑
2023-3-6,+1,741,ว 2์/๑,-1,742,ว 2์/๑
2023-3-7,-1,746,ว 3์/๑,-3,749,ว 3์/๑
2023-3-8,+1,747,ว 2์/๑,+1,748,ว 2์/๑
2023-3-9,+2,746, 3์/๑,+2,745, 3์/๑
2023-3-10,+4,740, 2์/๑,+5,741, 2์/๑
2023-3-11,+2,751,ัย 1์/๑,-2,752,ัย 1์/๑
2023-3-12,+4,748,ย 3์/๑,+7,746,ย 3์/๑
2023-3-13,+2,747,ว 1์/๑,-3,751,ว 1์/๑
2023-3-14,+2,758,ว 3์/๑,0,759,ว 3์/๑
2023-3-15,+5,760, 2์/๑,+2,759, 2์/๑
2023-3-16,+7,755,ย 3์/๑,+4,754,ย 3์/๑
2023-3-17,+10,752,ย 2์/๑,+5,752,ย 2์/๑
2023-3-18,+1,758,ั 3์/๑,-1,761,ั 3์/๑
2023-3-19,+2,759,ย 3์/๑,+1,758,ย 3์/๑
2023-3-20,+1,756,ย 2์/๑,+1,755,ย 2์/๑
2023-3-21,+11,750, 2์/๑,+7,749, 2์/๑
2023-3-22,+10,748,ว 2์/๑,+7,750,ว 2์/๑
2023-3-23,+9,752,ว 2์/๑,+8,752,ว 2์/๑
2023-3-24,+14,747, 3์/๑,+11,746, 3์/๑
2023-3-25,+13,746,ว 2์/๑,+12,746,ว 2์/๑
2023-3-26,+18,745,ว 3์/๑,+15,745,ว 3์/๑
2023-3-27,+16,740,ว 3์/๑,+14,741,ว 3์/๑
2023-3-28,+13,746,ัว 2์/๑,+9,748,ัว 2์/๑
2023-3-29,+10,749,ย 4์/๑,+7,749,ย 4์/๑
2023-3-30,+12,748,ย 3์/๑,+8,748,ย 3์/๑
2023-3-31,+6,746,ย 1์/๑,+6,749,ย 1์/๑
2023-4-1,+10,750, 3์/๑,+7,752, 3์/๑
2023-4-2,+16,749,ย 3์/๑,+10,749,ย 3์/๑
2023-4-3,+16,750,ย 2์/๑,+12,751,ย 2์/๑
2023-4-4,+18,751,ย 2์/๑,+14,751,ย 2์/๑
2023-4-5,+19,749,ั 1์/๑,+14,749,ั 1์/๑
2023-4-6,+17,749,ั 2์/๑,+11,752,ั 2์/๑
2023-4-7,+10,755,ย 3์/๑,+6,758,ย 3์/๑
2023-4-8,+10,758,ย 3์/๑,+7,758,ย 3์/๑
2023-4-9,+13,758,ย 2์/๑,+6,756,ย 2์/๑
2023-4-10,+15,754,ั 2์/๑,+10,754,ั 2์/๑
2023-4-11,+16,754,ว 2์/๑,+8,753,ว 2์/๑
2023-4-12,+18,751,ย 2์/๑,+11,750,ย 2์/๑
2023-4-13,+20,745,ัย 3์/๑,+16,745,ัย 3์/๑
2023-4-14,+7,746,ัย 5์/๑,+3,749,ัย 5์/๑
2023-4-15,+7,755,ั 4์/๑,+4,758,ั 4์/๑
2023-4-16,+13,757,ัว 3์/๑,+7,758,ัว 3์/๑
2023-4-17,+13,761,ว 2์/๑,+8,761,ว 2์/๑
2023-4-18,+16,759,ว 2์/๑,+13,758,ว 2์/๑
2023-4-19,+18,757,ว 2์/๑,+14,757,ว 2์/๑
2023-4-20,+18,752,ว 2์/๑,+15,751,ว 2์/๑
2023-4-21,+16,747,ั 2์/๑,+13,745,ั 2์/๑
2023-4-22,+12,741,ัว 2์/๑,+10,743,ัว 2์/๑
2023-4-23,+18,749,ว 2์/๑,+11,751,ว 2์/๑
2023-4-24,+21,754,ว 2์/๑,+17,754,ว 2์/๑
2023-4-25,+18,752,ย 1์/๑,+15,750,ย 1์/๑
2023-4-26,+18,746,ว 3์/๑,+15,747,ว 3์/๑
2023-4-27,+22,748,ว 2์/๑,+16,749,ว 2์/๑
2023-4-28,+23,749,ัว 2์/๑,+18,750,ัว 2์/๑
2023-4-29,+25,750,ย 2์/๑,+20,749,ย 2์/๑
2023-4-30,+27,748,ย 2์/๑,+24,746,ย 2์/๑
2023-5-1,+30,745,ย 3์/๑,+24,746,ย 3์/๑
2023-5-2,+21,749,ัว 2์/๑,+13,751,ัว 2์/๑
2023-5-3,+19,753,ั 1์/๑,+16,754,ั 1์/๑
2023-5-4,+17,755,ว 1์/๑,+16,755,ว 1์/๑
2023-5-5,+23,752, 2์/๑,+17,751, 2์/๑
2023-5-6,+11,749,ัว 3์/๑,+8,752,ัว 3์/๑
2023-5-7,+11,755,ัว 2์/๑,+7,757,ัว 2์/๑
2023-5-8,+11,757,ั 2์/๑,+7,758,ั 2์/๑
2023-5-9,+14,756,ัย 2์/๑,+11,755,ัย 2์/๑
2023-5-10,+18,751,ัย 2์/๑,+14,752,ัย 2์/๑
2023-5-11,+19,751,ว 1์/๑,+15,750,ว 1์/๑
2023-5-12,+11,746,ัย 3์/๑,+10,747,ัย 3์/๑
2023-5-13,+21,749,ัว 2์/๑,+13,749,ัว 2์/๑
2023-5-14,+18,750,ั 3์/๑,+13,751,ั 3์/๑
2023-5-15,+19,751,ัว 2์/๑,+14,752,ัว 2์/๑
2023-5-16,+21,752,ุ,+19,753,ุ
2023-5-17,+25,752,ั 2์/๑,+20,752,ั 2์/๑
2023-5-18,+23,751,ัย 4์/๑,+18,751,ัย 4์/๑
2023-5-19,+21,752,ั 2์/๑,+14,752,ั 2์/๑
2023-5-20,+19,754,ัย 2์/๑,+16,755,ัย 2์/๑
2023-5-21,+25,756,ัย 3์/๑,+21,756,ัย 3์/๑
2023-5-22,+27,756,ย 3์/๑,+22,756,ย 3์/๑
2023-5-23,+28,755,ย 3์/๑,+22,755,ย 3์/๑
2023-5-24,+29,755,ย 3์/๑,+24,755,ย 3์/๑
2023-5-25,+31,754, 3์/๑,+25,753, 3์/๑
2023-5-26,+30,751,ย 2์/๑,+26,749,ย 2์/๑
2023-5-27,+27,749,ัย 1์/๑,+21,747,ัย 1์/๑
2023-5-28,+30,746, 3์/๑,+24,747, 3์/๑
2023-5-29,+25,752,ว 2์/๑,+21,752,ว 2์/๑
2023-5-30,+28,749,ย 2์/๑,+26,748,ย 2์/๑
2023-5-31,+29,743,ว 3์/๑,+22,744,ว 3์/๑
2023-6-1,+25,746,ว 3์/๑,+21,746,ว 3์/๑
2023-6-2,+26,742,ั 2์/๑,+19,742,ั 2์/๑
2023-6-3,+26,748,ว 2์/๑,+19,748,ว 2์/๑
2023-6-4,+24,749,ั 2์/๑,+15,752,ั 2์/๑
2023-6-5,+21,751,ั 2์/๑,+18,751,ั 2์/๑
2023-6-6,+20,749,ัว 2์/๑,+15,749,ัว 2์/๑
2023-6-7,+21,751,ัว 2์/๑,+17,751,ัว 2์/๑
2023-6-8,+24,751,ว 3์/๑,+17,752,ว 3์/๑
2023-6-9,+24,751,ว 2์/๑,+18,751,ว 2์/๑
2023-6-10,+18,751,ัย 2์/๑,+16,752,ัย 2์/๑
2023-6-11,+16,755,ั 2์/๑,+15,754,ั 2์/๑
2023-6-12,+13,754,ั 3์/๑,+12,755,ั 3์/๑
2023-6-13,+21,753,ัย 3์/๑,+19,752,ัย 3์/๑
2023-6-14,+23,750,ัย 2์/๑,+21,749,ัย 2์/๑
2023-6-15,+24,747,ัย 3์/๑,+21,746,ัย 3์/๑
2023-6-16,+21,744,ั 2์/๑,+19,743,ั 2์/๑
2023-6-17,+28,742,ัย 3์/๑,+21,743,ัย 3์/๑
2023-6-18,+20,745,ั 4์/๑,+15,746,ั 4์/๑
2023-6-19,+15,747,ัว 3์/๑,+14,747,ัว 3์/๑
2023-6-20,+17,744,ัว 1์/๑,+14,744,ัว 1์/๑
2023-6-21,+16,746,ัว 3์/๑,+12,748,ัว 3์/๑
2023-6-22,+16,750,ัว 2์/๑,+14,750,ัว 2์/๑
2023-6-23,+17,749,ัว 2์/๑,+12,749,ัว 2์/๑
2023-6-24,+20,748,ย 1์/๑,+14,746,ย 1์/๑
2023-6-25,+20,744,ั 2์/๑,+15,745,ั 2์/๑
2023-6-26,+22,746,ั 2์/๑,+18,747,ั 2์/๑
2023-6-27,+24,747,ั 1์/๑,+16,747,ั 1์/๑
2023-6-28,+23,747,ว 2์/๑,+19,747,ว 2์/๑
2023-6-29,+28,745,ย 1์/๑,+24,744,ย 1์/๑
2023-6-30,+31,738,ย 2์/๑,+23,738,ย 2์/๑
2023-7-1,+21,737,ุ,+18,737,ุ
2023-7-2,+23,738,ัว 2์/๑,+22,740,ัว 2์/๑
2023-7-3,+28,744,ว 3์/๑,+24,745,ว 3์/๑
2023-7-4,+29,749,ว 1์/๑,+25,749,ว 1์/๑
2023-7-5,+31,751,ั 1์/๑,+27,751,ั 1์/๑
2023-7-6,+30,752,ว 2์/๑,+24,752,ว 2์/๑
2023-7-7,+31,752,ัว 2์/๑,+26,751,ัว 2์/๑
2023-7-8,+32,749,ย 1์/๑,+26,747,ย 1์/๑
2023-7-9,+33,743,ย 3์/๑,+29,741,ย 3์/๑
2023-7-10,+35,738,ย 2์/๑,+32,737,ย 2์/๑
2023-7-11,+29,737,ย 2์/๑,+23,737,ย 2์/๑
2023-7-12,+19,744,ว 3์/๑,+18,744,ว 3์/๑
2023-7-13,+17,744,ว 2์/๑,+17,743,ว 2์/๑
2023-7-14,+21,743,ว 3์/๑,+18,743,ว 3์/๑
2023-7-15,+24,740,ย 2์/๑,+22,740,ย 2์/๑
2023-7-16,+16,740,ัย 2์/๑,+17,740,ัย 2์/๑
2023-7-17,+17,742,ัว 2์/๑,+18,742,ัว 2์/๑
2023-7-18,+20,739,ว 2์/๑,+19,739,ว 2์/๑
2023-7-19,+20,737,ว 2์/๑,+20,739,ว 2์/๑
2023-7-20,+23,742,ว 3์/๑,+20,743,ว 3์/๑
2023-7-21,+25,746,ว 3์/๑,,,
2023-7-22,+24,746,ว 2์/๑,+20,747,ว 2์/๑
2023-7-23,+24,747,ว 2์/๑,+19,746,ว 2์/๑
2023-7-24,+25,744,ว 2์/๑,+21,745,ว 2์/๑
2023-7-25,+27,745,ว 2์/๑,+24,744,ว 2์/๑
2023-7-26,+30,746,ว 3์/๑,+25,745,ว 3์/๑
2023-7-27,+32,746,ว 2์/๑,+29,746,ว 2์/๑
2023-7-28,+35,745,ว 2์/๑,+30,745,ว 2์/๑
2023-7-29,+34,740,ย 3์/๑,+25,741,ย 3์/๑
2023-7-30,+26,741, 2์/๑,+20,742, 2์/๑
2023-7-31,+22,745,ว 3์/๑,+21,745,ว 3์/๑
2023-8-1,+28,746,ัว 2์/๑,+21,746,ัว 2์/๑
2023-8-2,+29,747,ว 2์/๑,+22,747,ว 2์/๑
2023-8-3,+25,747,ว 1์/๑,+24,748,ว 1์/๑
2023-8-4,+30,748,ว 2์/๑,+23,749,ว 2์/๑
2023-8-5,+33,749,ว 2์/๑,+28,750,ว 2์/๑
2023-8-6,+30,750,ั 2์/๑,+26,750,ั 2์/๑
2023-8-7,+29,748,ัย 2์/๑,+26,747,ัย 2์/๑
2023-8-8,+30,745,ั 2์/๑,+25,746,ั 2์/๑
2023-8-9,+29,749,ั 2์/๑,+25,752,ั 2์/๑
2023-8-10,+32,753,ว 3์/๑,+26,754,ว 3์/๑
2023-8-11,+31,755,ั 2์/๑,+25,755,ั 2์/๑
2023-8-12,+29,755,ย 1์/๑,+25,755,ย 1์/๑
2023-8-13,+30,755,ย 2์/๑,+25,754,ย 2์/๑
2023-8-14,+27,752,ย 1์/๑,+25,751,ย 1์/๑
2023-8-15,+28,749,ัว 2์/๑,+23,749,ัว 2์/๑
2023-8-16,+22,749,ั 1์/๑,+21,749,ั 1์/๑
2023-8-17,+30,749,ัย 3์/๑,+25,750,ัย 3์/๑
2023-8-18,+33,752,ย 2์/๑,+23,752,ย 2์/๑
2023-8-19,+31,752,ั 1์/๑,+25,752,ั 1์/๑
2023-8-20,+27,751,ัว 1์/๑,+22,749,ัว 1์/๑
2023-8-21,+25,746,ัว 2์/๑,+18,746,ัว 2์/๑
2023-8-22,+16,744,ัย 1์/๑,+14,744,ัย 1์/๑
2023-8-23,+21,743,ว 2์/๑,+15,744,ว 2์/๑
2023-8-24,+15,746,ัย 2์/๑,+12,746,ัย 2์/๑
2023-8-25,+18,746,ว 1์/๑,+13,746,ว 1์/๑
2023-8-26,+16,747,ว 2์/๑,+14,747,ว 2์/๑
2023-8-27,+17,743,ว 3์/๑,+15,741,ว 3์/๑
2023-8-28,+13,740,ัว 4์/๑,+11,740,ัว 4์/๑
2023-8-29,+20,743,ัว 3์/๑,+16,745,ัว 3์/๑
2023-8-30,+20,746,ัว 3์/๑,+17,746,ัว 3์/๑
2023-8-31,+21,748,ัว 4์/๑,+16,749,ัว 4์/๑
2023-9-1,+24,749,ัว 2์/๑,+17,749,ัว 2์/๑
2023-9-2,+23,751,ั 2์/๑,+18,752,ั 2์/๑
2023-9-3,+24,753,ั 1์/๑,+17,753,ั 1์/๑
2023-9-4,+24,753,ว 2์/๑,+17,754,ว 2์/๑
2023-9-5,+22,753,ัว 1์/๑,+19,752,ัว 1์/๑
2023-9-6,+25,748,ว 2์/๑,+19,746,ว 2์/๑
2023-9-7,+16,746,ว 3์/๑,+12,746,ว 3์/๑
2023-9-8,+15,746,ว 2์/๑,+11,746,ว 2์/๑
2023-9-9,+10,745,ว 4์/๑,+12,744,ว 4์/๑
2023-9-10,+20,745,ั 2์/๑,+16,746,ั 2์/๑
2023-9-11,+11,746,ัว 1์/๑,+11,747,ัว 1์/๑
2023-9-12,+16,751,ั 2์/๑,+13,752,ั 2์/๑
2023-9-13,+20,754,ย 2์/๑,+15,755,ย 2์/๑
2023-9-14,+22,753,ย 2์/๑,+17,754,ย 2์/๑
2023-9-15,+21,754,ย 1์/๑,+16,754,ย 1์/๑
2023-9-16,+22,753,ว 2์/๑,+17,755,ว 2์/๑
2023-9-17,+23,755,ั 2์/๑,+18,755,ั 2์/๑
2023-9-18,+22,752,ัว 2์/๑,+13,752,ัว 2์/๑
2023-9-19,+19,753,ั 2์/๑,+13,755,ั 2์/๑
2023-9-20,+19,757,ว 2์/๑,+14,757,ว 2์/๑
2023-9-21,+24,757,ว 2์/๑,+19,757,ว 2์/๑
2023-9-22,+25,759,ว 3์/๑,+17,759,ว 3์/๑
2023-9-23,+26,761,ว 1์/๑,+16,761,ว 1์/๑
2023-9-24,+26,761,ว 1์/๑,+17,760,ว 1์/๑
2023-9-25,+25,758,ว 3์/๑,+20,758,ว 3์/๑
2023-9-26,+21,759,ั 2์/๑,+16,760,ั 2์/๑
2023-9-27,+19,758,ัว 2์/๑,+12,758,ัว 2์/๑
2023-9-28,+18,758,ว 1์/๑,+10,756,ว 1์/๑
2023-9-29,+20,751,ัว 2์/๑,+15,752,ัว 2์/๑
2023-9-30,+17,754,ั 1์/๑,+10,754,ั 1์/๑
2023-10-1,+20,752, 2์/๑,+17,751, 2์/๑
2023-10-2,+21,749, 2์/๑,+15,749, 2์/๑
2023-10-3,+19,749,ว 1์/๑,+14,751,ว 1์/๑
2023-10-4,+16,752,ว 2์/๑,+14,752,ว 2์/๑
2023-10-5,+15,749,ว 2์/๑,+11,748,ว 2์/๑
2023-10-6,+15,746,ว 2์/๑,+12,745,ว 2์/๑
2023-10-7,+11,740,ว 3์/๑,+6,739,ว 3์/๑
2023-10-8,+11,730,ว 4์/๑,+8,731,ว 4์/๑
2023-10-9,+7,736,ว 4์/๑,+5,737,ว 4์/๑
2023-10-10,+6,743,ว 3์/๑,+4,746,ว 3์/๑
2023-10-11,+6,752,ว 2์/๑,+4,755,ว 2์/๑
2023-10-12,+9,752,ว 4์/๑,+8,749,ว 4์/๑
2023-10-13,+7,746,ว 3์/๑,+8,749,ว 3์/๑
2023-10-14,+13,752,ว 2์/๑,+10,751,ว 2์/๑
2023-10-15,+17,748,ว 3์/๑,+14,749,ว 3์/๑
2023-10-16,+17,746,ย 2์/๑,+12,745,ย 2์/๑
2023-10-17,+8,740,ว 4์/๑,+6,744,ว 4์/๑
2023-10-18,+7,747,ว 4์/๑,+7,749,ว 4์/๑
2023-10-19,+9,751,ว 2์/๑,+7,750,ว 2์/๑
2023-10-20,+8,749,ว 1์/๑,+7,749,ว 1์/๑
2023-10-21,+3,740,ั 2์/๑,+2,745,ั 2์/๑
2023-10-22,+5,753,ว 3์/๑,+2,754,ว 3์/๑
2023-10-23,+5,746, 1์/๑,+8,743, 1์/๑
2023-10-24,+11,735,ว 2์/๑,+1,740,ว 2์/๑
2023-10-25,-1,748,ั 2์/๑,0,749,ั 2์/๑
2023-10-26,+1,754, 1์/๑,0,755, 1์/๑
2023-10-27,-1,749,ย 4์/๑,-1,746,ย 4์/๑
2023-10-28,+2,740,ย 2์/๑,+3,737,ย 2์/๑
2023-10-29,+6,733,ว 3์/๑,+2,740,ว 3์/๑
